FECHA_TASADO|ID_DESTINO|TIPO_DESTINO|TOTAL_LLAMADAS|TOTAL_MINUTOS|COSTO
01/11/23|1|FIJO-VOZ|544|789,08333348|10518,48
18/11/23|1|FIJO-VOZ|179|194,49999997|2592,68
18/11/23|1011|FIJO-VOZ|15058|45439,48336429|605708,31
17/11/23|1|FIJO-VOZ|500|654,450000092|8723,82
17/11/23|1011|FIJO-VOZ|36283|176296,95000139|2350038,35
16/11/23|1011|FIJO-VOZ|37592|188020,9166697|2506318,82
16/11/23|1|FIJO-VOZ|422|630,13333314|8399,68
15/11/23|1011|FIJO-VOZ|39120|195284,8000604|2603146,38
15/11/23|1|FIJO-VOZ|420|591,199999836|7880,7
14/11/23|1011|FIJO-VOZ|42472|213676,8833305|2848312,86
14/11/23|1|FIJO-VOZ|454|627,383333408|8363,02
13/11/23|1011|FIJO-VOZ|6635|15685,183327137|209083,49
13/11/23|1|FIJO-VOZ|90|115,09999996|1534,28
12/11/23|1|FIJO-VOZ|87|76,666666666|1021,97
12/11/23|1011|FIJO-VOZ|5867|9083,583337|121084,17
11/11/23|1011|FIJO-VOZ|14694|48972,21669327|652799,65
11/11/23|1|FIJO-VOZ|176|156,216666697|2082,37
10/11/23|1011|FIJO-VOZ|35246|175542,683255763|2339983,97
10/11/23|1|FIJO-VOZ|594|903,416667403|12042,54
09/11/23|1|FIJO-VOZ|573|824,78333346|10994,36
09/11/23|1011|FIJO-VOZ|37456|190168,91676277|2534951,66
08/11/23|1|FIJO-VOZ|527|783,350000068|10442,06
08/11/23|1011|FIJO-VOZ|37775|199541,68337397|2659890,64
07/11/23|1011|FIJO-VOZ|39494|213390,417089367|2844494,25
07/11/23|1|FIJO-VOZ|524|778,783333253|10381,18
06/11/23|1|FIJO-VOZ|71|60,916666664|812,02
06/11/23|1011|FIJO-VOZ|7425|16329,800000363|217676,23
05/11/23|1011|FIJO-VOZ|5664|9925,11666677|132301,81
05/11/23|1|FIJO-VOZ|94|95,433333368|1272,13
04/11/23|1|FIJO-VOZ|127|110,800000071|1476,96
04/11/23|1011|FIJO-VOZ|15827|48082,86664303|640944,61
03/11/23|1|FIJO-VOZ|560|849,400000012|11322,5
03/11/23|1011|FIJO-VOZ|35842|175077,116703693|2333777,97
02/11/23|1|FIJO-VOZ|487|675,383332877|9002,86
02/11/23|1011|FIJO-VOZ|40569|181179,66660809|2415124,95
01/11/23|1011|FIJO-VOZ|37035|184715,316666633|2462255,17
19/11/23|1011|FIJO-VOZ|5396|8196,049994033|109253,35
19/11/23|1|FIJO-VOZ|74|51,850000013|691,16
20/11/23|1011|FIJO-VOZ|39945|201914,13293657|2691515,39
20/11/23|1|FIJO-VOZ|427|747,199999741|9960,18
21/11/23|1011|FIJO-VOZ|37874|200107,69970656|2667435,64
21/11/23|1|FIJO-VOZ|500|857,783333386|11434,25
22/11/23|1|FIJO-VOZ|474|674,5833333|8992,2
22/11/23|1011|FIJO-VOZ|38583|186828,216732967|2490420,13
23/11/23|1011|FIJO-VOZ|34709|174035,116733237|2319888,1
23/11/23|1|FIJO-VOZ|471|650,883333236|8676,27
24/11/23|1011|FIJO-VOZ|33551|168066,649976703|2240328,44
24/11/23|1|FIJO-VOZ|530|745,299999878|9934,85
25/11/23|1011|FIJO-VOZ|14069|41172,016670333|548822,98
25/11/23|1|FIJO-VOZ|186|233,733333173|3115,67
26/11/23|1011|FIJO-VOZ|5173|7926,24999633|105656,91
26/11/23|1|FIJO-VOZ|114|125,666666596|1675,14
27/11/23|1|FIJO-VOZ|415|626,966666327|8357,47
27/11/23|1011|FIJO-VOZ|40496|197824,06663404|2636994,81
28/11/23|1|FIJO-VOZ|477|750,116666273|9999,06
28/11/23|1011|FIJO-VOZ|38095|187589,299999364|2500565,37
29/11/23|1|FIJO-VOZ|512|734,400000101|9789,55
29/11/23|1011|FIJO-VOZ|38007|175111,499930264|2334236,3
30/11/23|1|FIJO-VOZ|498|698,416666564|9309,89
30/11/23|1011|FIJO-VOZ|34871|154249,650006273|2056147,83
01/12/23|1011|FIJO-VOZ|35996|164079,266679367|2187176,63
01/12/23|1|FIJO-VOZ|487|668,766666563|8914,66
02/12/23|1011|FIJO-VOZ|17219|47795,83333327|637118,46
02/12/23|1|FIJO-VOZ|159|160,149999859|2134,8
03/12/23|1|FIJO-VOZ|84|85,133333364|1134,83
03/12/23|1011|FIJO-VOZ|6967|9475,56666698|126309,3
04/12/23|1|FIJO-VOZ|402|583,666666709|7780,28
04/12/23|1011|FIJO-VOZ|44222|187082,78336026|2493813,5
05/12/23|1|FIJO-VOZ|417|621,600000053|8285,93
05/12/23|1011|FIJO-VOZ|38426|186275,899966373|2483057,75
06/12/23|1|FIJO-VOZ|541|784,766666764|10460,94
06/12/23|1011|FIJO-VOZ|36221|170412,433359664|2271597,74
07/12/23|1011|FIJO-VOZ|33499|128309,0832929|1710360,08
07/12/23|1|FIJO-VOZ|498|690,666666601|9206,59
08/12/23|1011|FIJO-VOZ|10364|27733,53336969|369688
08/12/23|1|FIJO-VOZ|87|163,800000034|2183,45
09/12/23|1|FIJO-VOZ|114|87,166666645|1161,93
09/12/23|1011|FIJO-VOZ|15033|44751,38336333|596535,94
10/12/23|1011|FIJO-VOZ|5664|9719,216665397|129557,16
10/12/23|1|FIJO-VOZ|107|97,200000007|1295,68
11/12/23|1|FIJO-VOZ|463|688,183333255|9173,48
11/12/23|1011|FIJO-VOZ|49835|212752,43336674|2835989,94
12/12/23|1011|FIJO-VOZ|43899|181068,600042267|2413644,44
12/12/23|1|FIJO-VOZ|494|662,316666529|8828,68
13/12/23|1011|FIJO-VOZ|42234|184499,71663573|2459381,22
13/12/23|1|FIJO-VOZ|489|682,116666541|9092,62
14/12/23|1011|FIJO-VOZ|20604|89511,46666667|1193187,85
14/12/23|1|FIJO-VOZ|381|520,999999869|6944,93
15/12/23|1011|FIJO-VOZ|31496|132335,96673299|1764038,44
15/12/23|1|FIJO-VOZ|466|680,066666852|9065,29
16/12/23|1|FIJO-VOZ|181|150,36666657|2004,39
16/12/23|1011|FIJO-VOZ|18192|43701,333334|582538,77
17/12/23|1011|FIJO-VOZ|7426|10488,283333237|139808,82
17/12/23|1|FIJO-VOZ|90|82,616666623|1101,28
18/12/23|1|FIJO-VOZ|514|688,566666552|9178,59
18/12/23|1011|FIJO-VOZ|42532|170966,90002794|2278988,78
19/12/23|1|FIJO-VOZ|402|588,56666659|7845,59
19/12/23|1011|FIJO-VOZ|41797|142624,750076933|1901187,92
20/12/23|1011|FIJO-VOZ|32846|136576,13336431|1820559,86
20/12/23|1|FIJO-VOZ|511|774,166666593|10319,64
21/12/23|1011|FIJO-VOZ|29666|117774,333298963|1569931,86
21/12/23|1|FIJO-VOZ|479|692,616666492|9232,58
22/12/23|1|FIJO-VOZ|440|640,833333289|8542,31
22/12/23|1011|FIJO-VOZ|30162|100736,349927067|1342815,54
23/12/23|1|FIJO-VOZ|131|134,55000003|1793,55
23/12/23|1011|FIJO-VOZ|14916|36102,966633277|481252,55
24/12/23|1011|FIJO-VOZ|8084|11539,999999763|153828,2
24/12/23|1|FIJO-VOZ|109|91,616666621|1221,25
25/12/23|1011|FIJO-VOZ|10108|13566,233332996|180837,89
25/12/23|1|FIJO-VOZ|99|98,266666643|1309,89
26/12/23|1|FIJO-VOZ|311|489,966666826|6531,26
26/12/23|1011|FIJO-VOZ|33983|144626,3666094|1927869,47
27/12/23|1|FIJO-VOZ|336|500,316666647|6669,22
27/12/23|1011|FIJO-VOZ|30105|119903,68333593|1598316,1
28/12/23|1|FIJO-VOZ|378|580,683333264|7740,51
28/12/23|1011|FIJO-VOZ|28728|102324,25003843|1363982,25
29/12/23|1|FIJO-VOZ|378|584,266666923|7788,27
29/12/23|1011|FIJO-VOZ|26435|85209,70003213|1135845,3
30/12/23|1011|FIJO-VOZ|12518|32177,75002997|428929,41
30/12/23|1|FIJO-VOZ|102|112,64999998|1501,62
31/12/23|1|FIJO-VOZ|90|120,64999996|1608,26
31/12/23|1011|FIJO-VOZ|7968|11692,11666659|155855,92
01/01/24|1|FIJO-VOZ|95|92,7|1235,69
01/01/24|1011|FIJO-VOZ|11261|17568,17|234183,66
02/01/24|1|FIJO-VOZ|365|587,53|7831,6
02/01/24|1011|FIJO-VOZ|33209|158708,99|2115590,75
03/01/24|1011|FIJO-VOZ|44343|193968,38|2585598,55
03/01/24|1|FIJO-VOZ|2490|1416,76|18885,5
04/01/24|1011|FIJO-VOZ|41740|193121,59|2574310,93
04/01/24|1|FIJO-VOZ|4296|1948,94|25979,73
05/01/24|1011|FIJO-VOZ|42623|177617,24|2367637,94
05/01/24|1|FIJO-VOZ|4654|2094,69|27921,68
06/01/24|1011|FIJO-VOZ|16888|55723,17|742789,81
06/01/24|1|FIJO-VOZ|2597|1341,84|17886,86
07/01/24|1011|FIJO-VOZ|5636|11266,61|150184
07/01/24|1|FIJO-VOZ|59|67,88|904,88
08/01/24|1|FIJO-VOZ|98|80,91|1078,62
08/01/24|1011|FIJO-VOZ|8159|22887,56|305091,26
09/01/24|1011|FIJO-VOZ|41227|215198,57|2868596,67
09/01/24|1|FIJO-VOZ|3475|1926,25|25677,13
10/01/24|1|FIJO-VOZ|3489|2080,17|27729,07
10/01/24|1011|FIJO-VOZ|40981|214091,12|2853834,59
11/01/24|1011|FIJO-VOZ|38404|202869,19|2704246,44
11/01/24|1|FIJO-VOZ|4305|1906,34|25411,87
12/01/24|1|FIJO-VOZ|5603|2356,42|31411,48
12/01/24|1011|FIJO-VOZ|38042|199340,59|2657210,2
13/01/24|1011|FIJO-VOZ|17536|61571,47|820747,43
13/01/24|1|FIJO-VOZ|4414|1262,84|16834,01
14/01/24|1|FIJO-VOZ|1474|512,95|6837,85
14/01/24|1011|FIJO-VOZ|5287|12585,27|167761,6
15/01/24|1|FIJO-VOZ|4908|2063,32|27504,68
15/01/24|1011|FIJO-VOZ|41084|209598,91|2793953,56
16/01/24|1|FIJO-VOZ|6101|2859,83|38121,36
16/01/24|1011|FIJO-VOZ|37187|198716,24|2648887,61
17/01/24|1011|FIJO-VOZ|38293|197933,04|2638447,33
17/01/24|1|FIJO-VOZ|3899|2107,89|28098,31
18/01/24|1|FIJO-VOZ|5274|2586,62|34479,16
18/01/24|1011|FIJO-VOZ|36707|174802,78|2330121,1
19/01/24|1011|FIJO-VOZ|35592|168037,17|2239935,43
19/01/24|1|FIJO-VOZ|3087|1797,28|23957,79
20/01/24|1011|FIJO-VOZ|15026|45661,76|608671,35
20/01/24|1|FIJO-VOZ|1723|1190,02|15863,14
21/01/24|1|FIJO-VOZ|76|94,15|1255,46
21/01/24|1011|FIJO-VOZ|4987|7052,73|94012,94
22/01/24|1011|FIJO-VOZ|43268|176972,53|2359043,65
22/01/24|1|FIJO-VOZ|6107|3283,36|43766,83
23/01/24|1011|FIJO-VOZ|41751|157963,4|2105652,12
23/01/24|1|FIJO-VOZ|6174|3423,71|45638,37
24/01/24|1|FIJO-VOZ|5408|2563,17|34167,23
24/01/24|1011|FIJO-VOZ|41278|155055,69|2066892,26
25/01/24|1|FIJO-VOZ|3571|2041,18|27209,42
25/01/24|1011|FIJO-VOZ|39188|144952,96|1932222,82
26/01/24|1|FIJO-VOZ|2320|1432,74|19098,78
26/01/24|1011|FIJO-VOZ|36132|128859,85|1717701,8
27/01/24|1011|FIJO-VOZ|15052|40297,82|537169,67
27/01/24|1|FIJO-VOZ|1691|645,97|8610,29
28/01/24|1|FIJO-VOZ|87|71,04|946,87
28/01/24|1011|FIJO-VOZ|5187|7592,85|101212,69
29/01/24|1011|FIJO-VOZ|46777|167189,05|2228629,59
29/01/24|1|FIJO-VOZ|567|602,62|8033,1
30/01/24|1011|FIJO-VOZ|42088|165309,65|2203577,64
30/01/24|1|FIJO-VOZ|433|769,29|10254,77
31/01/24|1|FIJO-VOZ|479|686,74|9154,6
31/01/24|1011|FIJO-VOZ|40688|154940,64|2065358,87
01/02/24|1011|FIJO-VOZ|38616|146445,35|1952116,52
01/02/24|1|FIJO-VOZ|485|715,48|9537,17
02/02/24|1011|FIJO-VOZ|35440|134720,27|1795820,93
02/02/24|1|FIJO-VOZ|420|691,21|9214,36
03/02/24|1|FIJO-VOZ|150|214,06|2853,73
03/02/24|1011|FIJO-VOZ|14965|39200,61|522544
04/02/24|1|FIJO-VOZ|83|86,63|1155,04
04/02/24|1011|FIJO-VOZ|5319|7333,5|97755,33
05/02/24|1|FIJO-VOZ|439|723,37|9642,48
05/02/24|1011|FIJO-VOZ|42170|171574,07|2287082,31
06/02/24|1|FIJO-VOZ|449|661,29|8814,91
06/02/24|1011|FIJO-VOZ|42476|168595,61|2247379,57
07/02/24|1011|FIJO-VOZ|41768|161800,22|2156796,89
07/02/24|1|FIJO-VOZ|469|960,47|12803,24
08/02/24|1|FIJO-VOZ|493|825,83|11008,58
08/02/24|1011|FIJO-VOZ|37951|149771,49|1996454,1
09/02/24|1011|FIJO-VOZ|35684|144194,25|1922109,58
09/02/24|1|FIJO-VOZ|392|655,24|8734,48
10/02/24|1|FIJO-VOZ|166|217,87|2904,16
10/02/24|1011|FIJO-VOZ|14077|39582,03|527628,5
11/02/24|1|FIJO-VOZ|104|76,07|1013,97
11/02/24|1011|FIJO-VOZ|5171|7731,53|103061,34
12/02/24|1|FIJO-VOZ|439|725,84|9675,36
12/02/24|1011|FIJO-VOZ|42438|165756,39|2209532,59
13/02/24|1|FIJO-VOZ|397|708,64|9446,53
13/02/24|1011|FIJO-VOZ|42333|162524,49|2166451,59
14/02/24|1|FIJO-VOZ|388|630,31|8401,9
14/02/24|1011|FIJO-VOZ|41326|152793,95|2036743,13
15/02/24|1|FIJO-VOZ|370|508,21|6774,31
15/02/24|1011|FIJO-VOZ|39591|167115,62|2227650,95
16/02/24|1|FIJO-VOZ|456|700,04|9331,89
16/02/24|1011|FIJO-VOZ|35943|153281,49|2043242,17
17/02/24|1|FIJO-VOZ|166|173,34|2310,76
17/02/24|1011|FIJO-VOZ|15918|49525,41|660174,03
18/02/24|1|FIJO-VOZ|118|84,93|1132,38
18/02/24|1011|FIJO-VOZ|5259|7869,46|104899,77
19/02/24|1|FIJO-VOZ|455|661,45|8816,91
19/02/24|1011|FIJO-VOZ|41236|171953,87|2292145,27
20/02/24|1011|FIJO-VOZ|40012|163094,26|2174046,35
20/02/24|1|FIJO-VOZ|384|601,93|8023,99
21/02/24|1|FIJO-VOZ|429|560,37|7469,69
21/02/24|1011|FIJO-VOZ|41942|166321|2217058,93
22/02/24|1011|FIJO-VOZ|36120|158100,71|2107482,33
22/02/24|1|FIJO-VOZ|368|473,99|6318,2
23/02/24|1|FIJO-VOZ|434|615,55|8205,28
23/02/24|1011|FIJO-VOZ|34301|142892,48|1904756,8
24/02/24|1|FIJO-VOZ|181|221,85|2957,26
24/02/24|1011|FIJO-VOZ|14649|44078,88|587571,74
25/02/24|1|FIJO-VOZ|124|102,19|1362,1
25/02/24|1011|FIJO-VOZ|5405|8302,75|110675,66
26/02/24|1|FIJO-VOZ|454|635,98|8477,66
26/02/24|1011|FIJO-VOZ|41891|186447,98|2485351,4
27/02/24|1|FIJO-VOZ|446|669,28|8921,32
27/02/24|1011|FIJO-VOZ|38790|174211,51|2322239,52
28/02/24|1011|FIJO-VOZ|37539|163648,01|2181428,06
28/02/24|1|FIJO-VOZ|432|594,44|7924,02
29/02/24|1011|FIJO-VOZ|38366|157138,63|2094657,98
29/02/24|1|FIJO-VOZ|414|523,46|6977,59
01/03/24|1011|FIJO-VOZ|24324|94025,95|1253365,69
01/03/24|1|FIJO-VOZ|510|692,51|9231,25
02/03/24|1|FIJO-VOZ|171|127,58|1700,91
02/03/24|1011|FIJO-VOZ|15653|42412,13|565353,74
03/03/24|1|FIJO-VOZ|106|118,74|1582,94
03/03/24|1011|FIJO-VOZ|5721|9021,96|120262,59
04/03/24|1|FIJO-VOZ|483|689,54|9191,92
04/03/24|1011|FIJO-VOZ|24192|97747,14|1302969,51
05/03/24|1011|FIJO-VOZ|21081|91358,89|1217813,91
05/03/24|1|FIJO-VOZ|517|880,5|11737,29
06/03/24|1|FIJO-VOZ|552|790,15|10532,48
06/03/24|1011|FIJO-VOZ|19364|85204,18|1135771,76
07/03/24|1|FIJO-VOZ|124|169,01|2252,77
07/03/24|1011|FIJO-VOZ|18973|81745,79|1089671,51
08/03/24|1011|FIJO-VOZ|18080|71331,17|950844,67
09/03/24|1011|FIJO-VOZ|8455|23610,36|314725,97
10/03/24|1011|FIJO-VOZ|2650|5391,44|71867,58
11/03/24|1011|FIJO-VOZ|18448|87835,56|1170848,1
12/03/24|1011|FIJO-VOZ|18866|84187,99|1122225,82
13/03/24|1011|FIJO-VOZ|18423|83148,01|1108362,84
14/03/24|1011|FIJO-VOZ|17863|81432,78|1085498,78
15/03/24|1011|FIJO-VOZ|17511|78239,49|1042932,31
16/03/24|1011|FIJO-VOZ|8755|26799,37|357235,56
17/03/24|1011|FIJO-VOZ|3811|5751,17|76663,05
18/03/24|1011|FIJO-VOZ|18168|87409,11|1165163,53
19/03/24|1011|FIJO-VOZ|17530|79870,33|1064671,54
20/03/24|1011|FIJO-VOZ|16205|77546,51|1033695,07
21/03/24|1011|FIJO-VOZ|15137|72043,86|960344,3
22/03/24|1011|FIJO-VOZ|13413|63134,92|841588,44
23/03/24|1011|FIJO-VOZ|5521|17294,62|230537,46
24/03/24|1011|FIJO-VOZ|1714|3375,45|44994,97
25/03/24|1011|FIJO-VOZ|2929|10108,94|134729,32
26/03/24|1011|FIJO-VOZ|16584|71740,96|459142,29
27/03/24|1011|FIJO-VOZ|11930|51871,34|331976,53
28/03/24|1011|FIJO-VOZ|2645|6752,57|43216,43
29/03/24|1011|FIJO-VOZ|1220|2677,72|17137,28
30/03/24|1011|FIJO-VOZ|3927|11864,39|75932,16
31/03/24|1011|FIJO-VOZ|1579|3061,33|19592,53
01/04/24|1011|FIJO-VOZ|14867|83387,06|533677,33
02/04/24|1011|FIJO-VOZ|15399|80740,46|516738,88
03/04/24|1011|FIJO-VOZ|14353|79887,69|511281,17
04/04/24|1011|FIJO-VOZ|14590|76698,51|490870,51
05/04/24|1011|FIJO-VOZ|1709|15294,07|97882,13
06/04/24|1011|FIJO-VOZ|839|5873,23|37588,69
07/04/24|1011|FIJO-VOZ|90|110,13|704,85
08/04/24|1011|FIJO-VOZ|2835|27166,06|173862,83
09/04/24|1011|FIJO-VOZ|2793|26014,75|166494,29
10/04/24|1011|FIJO-VOZ|2860|27349,91|175039,36
11/04/24|1011|FIJO-VOZ|2219|23709,83|151742,83
12/04/24|1011|FIJO-VOZ|2219|27497,41|175983,36
08/03/24|1001|MOVIL-SMS|4164285|10183416,98|135744947,95
09/03/24|1001|MOVIL-SMS|3339823|8215720,24|109515550,06
10/03/24|1001|MOVIL-SMS|1991731|6117474,81|81545939,08
11/03/24|1001|MOVIL-SMS|3987082|10636044,61|141778474,76
12/03/24|1001|MOVIL-SMS|4025035|10499914,1|139963854,75
13/03/24|1001|MOVIL-SMS|4076462|10639929,55|141830260,25
14/03/24|1001|MOVIL-SMS|4084821|10572359,27|140929549,05
15/03/24|1001|MOVIL-SMS|4258863|10384137,13|138420548,23
16/03/24|1001|MOVIL-SMS|3485462|8307029,24|110732699,25
17/03/24|1001|MOVIL-SMS|2150379|5970292,52|79583999,27
18/03/24|1001|MOVIL-SMS|4185937|10651842,16|141989056,32
19/03/24|1001|MOVIL-SMS|4180802|10440239,25|139168388,77
20/03/24|1001|MOVIL-SMS|4194658|10602349,52|141329319,73
21/03/24|1001|MOVIL-SMS|4165154|10500235,54|139968141
22/03/24|1001|MOVIL-SMS|4294573|10233521,97|136412847,38
23/03/24|1001|MOVIL-SMS|3487539|8273132|110280848,69
24/03/24|1001|MOVIL-SMS|2048562|5812882,15|77485718,61
25/03/24|1001|MOVIL-SMS|2150809|6321048,98|83387249,49
26/03/24|1001|MOVIL-SMS|3853349|9323525,3|59670562,47
27/03/24|1001|MOVIL-SMS|3957839|9192212,46|58830160,22
28/03/24|1001|MOVIL-SMS|2031606|5832263,44|37326485,44
29/03/24|1001|MOVIL-SMS|1618601|4971921,84|31820299,52
30/03/24|1001|MOVIL-SMS|2492844|6198860,23|39672705,61
31/03/24|1001|MOVIL-SMS|1825158|5748300,64|36789124,16
01/04/24|1001|MOVIL-SMS|3834566|10408358,93|66613496,43
02/04/24|1001|MOVIL-SMS|3957642|10535243|67425555,42
03/04/24|1001|MOVIL-SMS|4033088|10664756,96|68254444,39
04/04/24|1001|MOVIL-SMS|3991297|10442246,87|66830379,42
05/04/24|1001|MOVIL-SMS|4184361|10375832,23|66405326,3
06/04/24|1001|MOVIL-SMS|3260570|8036261,9|51432076,28
07/04/24|1001|MOVIL-SMS|1982153|6091685,95|38986790,4
08/04/24|1001|MOVIL-SMS|3850376|10311579,51|65994108,17
09/04/24|1001|MOVIL-SMS|3877590|10239994,83|65535967,37
10/04/24|1001|MOVIL-SMS|3937509|10355044,43|66272283,95
11/04/24|1001|MOVIL-SMS|4004526|10203781,71|65304202,99
12/04/24|1001|MOVIL-SMS|4165285|9994592,83|63965394,24
04/01/24|1001|MOVIL-SMS|3496087|9336531,16|124455961,35
05/01/24|1001|MOVIL-SMS|3564417|9359814,07|124766321,08
06/01/24|1001|MOVIL-SMS|3087380|7804512,45|104034148,97
07/01/24|1001|MOVIL-SMS|2032995|5827437,19|77679738,54
08/01/24|1001|MOVIL-SMS|2053117|6500303,82|86649050,77
09/01/24|1001|MOVIL-SMS|3766247|10189307,47|135823468,55
10/01/24|1001|MOVIL-SMS|3847478|10407957,1|138738067,71
11/01/24|1001|MOVIL-SMS|3829440|10425072,98|138966223,1
12/01/24|1001|MOVIL-SMS|3731787|9960526,47|132773817,14
13/01/24|1001|MOVIL-SMS|3114094|8064107,8|107494556,54
14/01/24|1001|MOVIL-SMS|1989745|6162154,68|82141522,37
15/01/24|1001|MOVIL-SMS|3868630|10587017,88|141124947,51
16/01/24|1001|MOVIL-SMS|3804298|10469952,21|139564462,62
17/01/24|1001|MOVIL-SMS|3852520|10538330,81|140475949,36
18/01/24|1001|MOVIL-SMS|3814772|10335920,61|137777821,83
19/01/24|1001|MOVIL-SMS|3936763|10434624,53|139093545,71
20/01/24|1001|MOVIL-SMS|3219606|8202785,05|109343123,84
21/01/24|1001|MOVIL-SMS|2052880|6198882,1|82631098,84
22/01/24|1001|MOVIL-SMS|3899426|10617642,92|141533179,43
23/01/24|1001|MOVIL-SMS|3802172|10506991,62|140058198,92
24/01/24|1001|MOVIL-SMS|3848818|10573689,87|140947284,82
25/01/24|1001|MOVIL-SMS|3725872|10435885,76|139110356,39
26/01/24|1001|MOVIL-SMS|3881000|10340082,82|137833303,07
27/01/24|1001|MOVIL-SMS|3233687|8315091,1|110840165,26
28/01/24|1001|MOVIL-SMS|2027888|6295909,33|83924471,63
29/01/24|1001|MOVIL-SMS|3886886|10730124,15|143032555,37
30/01/24|1001|MOVIL-SMS|3974738|10820287,76|144234435,94
31/01/24|1001|MOVIL-SMS|4080224|10916476,96|145516636,42
01/02/24|1001|MOVIL-SMS|3909083|10808697,64|144079939,02
02/02/24|1001|MOVIL-SMS|4120735|10562102,52|140792827,01
03/02/24|1001|MOVIL-SMS|3462727|8471454,09|112924482,95
04/02/24|1001|MOVIL-SMS|2117188|6335220,85|84448494,37
05/02/24|1001|MOVIL-SMS|4005306|10841442,17|144516423,65
06/02/24|1001|MOVIL-SMS|3983367|10868863,24|144881947,36
07/02/24|1001|MOVIL-SMS|3970009|10752845,67|143335433,42
08/02/24|1001|MOVIL-SMS|3944190|10681260,1|142381197,15
09/02/24|1001|MOVIL-SMS|4078339|10513912,59|140150454,53
10/02/24|1001|MOVIL-SMS|3296622|8196885,03|109264476,62
11/02/24|1001|MOVIL-SMS|2062017|6146390,38|81931383,59
12/02/24|1001|MOVIL-SMS|3763676|10124486,5|134959405,51
13/02/24|1001|MOVIL-SMS|3829126|10356493,66|138052060,37
14/02/24|1001|MOVIL-SMS|4027615|10630517,07|141704792,74
15/02/24|1001|MOVIL-SMS|4059944|10819403,08|144222642,89
16/02/24|1001|MOVIL-SMS|4172858|10612242,82|141461197,43
17/02/24|1001|MOVIL-SMS|3428641|8449539,92|112632367,55
18/02/24|1001|MOVIL-SMS|2120700|6329374,63|84370564,09
19/02/24|1001|MOVIL-SMS|4074411|10850964,64|144643359,47
20/02/24|1001|MOVIL-SMS|4008890|10717267,75|142861179,57
21/02/24|1001|MOVIL-SMS|3968568|10662704,55|142133850,78
22/02/24|1001|MOVIL-SMS|3974584|10589801,82|141162057,35
23/02/24|1001|MOVIL-SMS|4079826|10410298,07|138769273,47
24/02/24|1001|MOVIL-SMS|3306699|8284428,78|110431434,59
25/02/24|1001|MOVIL-SMS|1978261|6189116,15|82500919,61
26/02/24|1001|MOVIL-SMS|3930914|10539790,48|140495406,72
27/02/24|1001|MOVIL-SMS|4037107|10622446|141597203,65
28/02/24|1001|MOVIL-SMS|3918776|10488810,86|139815850,42
29/02/24|1001|MOVIL-SMS|4012604|10537135,03|140460009,34
01/03/24|1001|MOVIL-SMS|4112000|10431169,28|139047486,12
02/03/24|1001|MOVIL-SMS|3396880|8294675,74|110568028,87
03/03/24|1001|MOVIL-SMS|2083177|6209987,17|82779129,6
04/03/24|1001|MOVIL-SMS|4072805|10780941,2|143709945,99
05/03/24|1001|MOVIL-SMS|4093595|10535894,53|140443474,15
06/03/24|1001|MOVIL-SMS|4013605|10539622,19|140493163,05
07/03/24|1001|MOVIL-SMS|4128129|10519843,3|140229511,87
01/11/23|1001|MOVIL-SMS|3891073|10398517,85768345|138612243,21
18/11/23|1001|MOVIL-SMS|3243031|8009437,563672929|106765802,7
17/11/23|1001|MOVIL-SMS|4015151|10153766,903085214|135349713,01
16/11/23|1001|MOVIL-SMS|3901231|10161122,048137008|135447756,58
15/11/23|1001|MOVIL-SMS|4007785|10561264,24563145|140781652,47
14/11/23|1001|MOVIL-SMS|3922015|10472249,956352335|139595092
13/11/23|1001|MOVIL-SMS|2037529|6361835,680541791|84803269,66
12/11/23|1001|MOVIL-SMS|1999447|5803615,951966019|77362200,58
11/11/23|1001|MOVIL-SMS|3305113|8085032,129984213|107773478,31
10/11/23|1001|MOVIL-SMS|4095356|10234384,063756987|136424339,69
09/11/23|1001|MOVIL-SMS|3995956|10406278,579855616|138715693,48
08/11/23|1001|MOVIL-SMS|4058161|10527052,495062878|140325609,9
07/11/23|1001|MOVIL-SMS|3930095|10301234,833705161|137315460,38
06/11/23|1001|MOVIL-SMS|1997828|6367675,880344739|84881119,48
05/11/23|1001|MOVIL-SMS|2045258|5828076,767364642|77688263,27
04/11/23|1001|MOVIL-SMS|3355250|8149319,682796183|108630431,37
03/11/23|1001|MOVIL-SMS|4104319|10253826,295870708|136683504,61
02/11/23|1001|MOVIL-SMS|3990100|10329578,001182027|137693274,65
19/11/23|1001|MOVIL-SMS|1960831|6069258,820236923|80903220,04
20/11/23|1001|MOVIL-SMS|3856089|10312516,203845319|137465841,03
21/11/23|1001|MOVIL-SMS|3901207|10110569,283159794|134773888,52
22/11/23|1001|MOVIL-SMS|3936817|10324828,860809678|137629968,88
23/11/23|1001|MOVIL-SMS|3872752|10026796,297516446|133657194,63
24/11/23|1001|MOVIL-SMS|3964852|9926279,450283398|132317305,06
25/11/23|1001|MOVIL-SMS|3249624|7907882,476470903|105412073,53
26/11/23|1001|MOVIL-SMS|2004328|6010252,947698113|80116671,82
27/11/23|1001|MOVIL-SMS|3885739|10327412,627145618|137664410,16
28/11/23|1001|MOVIL-SMS|3969558|10215640,582006231|136174488,88
29/11/23|1001|MOVIL-SMS|3906159|10051515,341149678|133986699,43
30/11/23|1001|MOVIL-SMS|3937989|10024706,313818059|133629335,15
01/12/23|1001|MOVIL-SMS|3956965|9780942,997676555|130379970,1
02/12/23|1001|MOVIL-SMS|3366267|8012847,843378918|106811261,94
03/12/23|1001|MOVIL-SMS|2153972|6129615,896419527|81707779,96
04/12/23|1001|MOVIL-SMS|3748943|9944155,583171169|132555593,96
05/12/23|1001|MOVIL-SMS|4087813|10472327,510538289|139596125,85
06/12/23|1001|MOVIL-SMS|4142229|10262295,413447493|136796397,8
07/12/23|1001|MOVIL-SMS|4313852|9683250,183818399|129077725
08/12/23|1001|MOVIL-SMS|2214947|6298899,802202127|83964334,3
09/12/23|1001|MOVIL-SMS|3060029|7421251,703880825|98925285,1
10/12/23|1001|MOVIL-SMS|1992835|5895388,999547719|78585535,35
11/12/23|1001|MOVIL-SMS|3933660|10464732,375257589|139494882,71
12/12/23|1001|MOVIL-SMS|3992074|10224071,669453614|136286875,36
13/12/23|1001|MOVIL-SMS|4098038|10185384,133644023|135771170,52
14/12/23|1001|MOVIL-SMS|4115395|10244146,035172866|136554466,57
15/12/23|1001|MOVIL-SMS|4159752|9921698,372328203|132256239,33
16/12/23|1001|MOVIL-SMS|3508409|8153460,130405271|108685623,62
17/12/23|1001|MOVIL-SMS|2282274|6229360,261007758|83037372,33
18/12/23|1001|MOVIL-SMS|4121341|10257038,362393182|136726321,36
19/12/23|1001|MOVIL-SMS|4072509|10012800,697161702|133470633,33
20/12/23|1001|MOVIL-SMS|4188981|10077075,567703421|134327417,33
21/12/23|1001|MOVIL-SMS|4247338|9971816,387021939|132924312,45
22/12/23|1001|MOVIL-SMS|4257541|9605581,914868157|128042407,16
23/12/23|1001|MOVIL-SMS|3709023|8184165,356174667|109094924,16
24/12/23|1001|MOVIL-SMS|2986187|6948793,550079204|92627418,04
25/12/23|1001|MOVIL-SMS|1787380|5362494,947537759|71482057,68
26/12/23|1001|MOVIL-SMS|3471485|9071926,915350301|120928785,8
27/12/23|1001|MOVIL-SMS|3659125|9285935,266812145|123781517,15
28/12/23|1001|MOVIL-SMS|3707582|9158371,739337178|122081095,19
29/12/23|1001|MOVIL-SMS|3736146|8913573,626567135|118817936,57
30/12/23|1001|MOVIL-SMS|3215988|7512962,503610019|100147790,14
31/12/23|1001|MOVIL-SMS|2855774|6950784,066625474|92653951,69
01/01/24|1001|MOVIL-SMS|1989451|5597335,67|74612483,99
02/01/24|1001|MOVIL-SMS|3055273|8417302,28|112202639,67
03/01/24|1001|MOVIL-SMS|3406530|9090964,77|121182561,02
01/11/23|494|MOVIL-VOZ|1092371|2718444,967009826|36236871,42
01/11/23|2|MOVIL-VOZ|11129845|28504879,317264727|379970041,31
02/11/23|2|MOVIL-VOZ|11417159|28157882,774138723|375344577,34
02/11/23|494|MOVIL-VOZ|1210036|2748996,466798007|36644122,92
03/11/23|494|MOVIL-VOZ|1189336|2718541,033232864|36238151,99
03/11/23|2|MOVIL-VOZ|11891255|28451419,055463437|379257416,1
04/11/23|494|MOVIL-VOZ|992756|2247866,50132039|29964060,45
04/11/23|2|MOVIL-VOZ|9943334|23203597,247643811|309303951,17
05/11/23|494|MOVIL-VOZ|621103|1649912,049929652|21993327,61
05/11/23|2|MOVIL-VOZ|6375598|17436808,034334405|232432651,06
06/11/23|494|MOVIL-VOZ|592137|1750448,784264009|23333482,29
06/11/23|2|MOVIL-VOZ|6263195|18914948,897376617|252136268,79
07/11/23|494|MOVIL-VOZ|1053818|2650516,200059966|35331380,94
07/11/23|2|MOVIL-VOZ|11495613|27874602,360944307|371568449,61
08/11/23|2|MOVIL-VOZ|11863590|29002703,179499827|386606033,54
08/11/23|494|MOVIL-VOZ|1087990|2738198,515955716|36500186,23
09/11/23|494|MOVIL-VOZ|1108779|2755429,934002926|36729881,02
09/11/23|2|MOVIL-VOZ|12092046|28749961,246411622|383236983,5
10/11/23|494|MOVIL-VOZ|1156781|2766001,182974269|36870795,78
10/11/23|2|MOVIL-VOZ|12242203|28706427,464288068|382656678,3
11/11/23|494|MOVIL-VOZ|1002276|2289966,316168326|30525251,01
11/11/23|2|MOVIL-VOZ|9910030|23176690,927270963|308945290,17
12/11/23|494|MOVIL-VOZ|610089|1645442,666741436|21933750,75
12/11/23|2|MOVIL-VOZ|6269465|17383543,383968271|231722633,27
13/11/23|2|MOVIL-VOZ|6377696|18922948,657384476|252242905,53
13/11/23|494|MOVIL-VOZ|629462|1784419,067002581|23786306,16
14/11/23|2|MOVIL-VOZ|11442722|28652836,123874311|381942305,71
14/11/23|494|MOVIL-VOZ|1118609|2770528,099571004|36931139,58
15/11/23|494|MOVIL-VOZ|1161944|2807197,049928544|37419936,69
15/11/23|2|MOVIL-VOZ|11603872|29075127,909819229|387571454,94
16/11/23|494|MOVIL-VOZ|1135593|2724234,766003754|36314049,44
16/11/23|2|MOVIL-VOZ|11432140|28191240,468980592|375789235,55
17/11/23|494|MOVIL-VOZ|1292937|2754085,866264397|36711964,62
17/11/23|2|MOVIL-VOZ|11752964|28101310,140172159|374590464
18/11/23|494|MOVIL-VOZ|998935|2248072,683997716|29966808,87
18/11/23|2|MOVIL-VOZ|9744879|23078204,932442653|307632471,85
19/11/23|494|MOVIL-VOZ|605832|1691796,5170002|22551647,57
19/11/23|2|MOVIL-VOZ|6222327|18177755,584565526|242309481,94
20/11/23|494|MOVIL-VOZ|1117809|2738095,684266262|36498815,47
20/11/23|2|MOVIL-VOZ|11343402|28794217,870042437|383826924,28
21/11/23|2|MOVIL-VOZ|11224898|27942214,725963686|372469722,11
21/11/23|494|MOVIL-VOZ|1145685|2721335,534233717|36275402,67
22/11/23|2|MOVIL-VOZ|11457387|28542926,783651452|380477214,05
22/11/23|494|MOVIL-VOZ|1155670|2777306,833628466|37021500,1
23/11/23|2|MOVIL-VOZ|11424852|28032854,246583606|373677946,75
23/11/23|494|MOVIL-VOZ|1167873|2745223,916662186|36593834,82
24/11/23|494|MOVIL-VOZ|1148602|2697730,566658896|35960748,46
24/11/23|2|MOVIL-VOZ|11599555|27625867,380504145|368252812,15
25/11/23|2|MOVIL-VOZ|9761749|22568030,906264967|300831851,93
25/11/23|494|MOVIL-VOZ|995758|2241831,316930474|29883611,46
26/11/23|2|MOVIL-VOZ|6282058|18049970,031396786|240606100,53
26/11/23|494|MOVIL-VOZ|618292|1698600,816729382|22642348,89
27/11/23|494|MOVIL-VOZ|1105474|2725636,849032509|36332739,22
27/11/23|2|MOVIL-VOZ|11443558|28839097,333861574|384425167,08
28/11/23|2|MOVIL-VOZ|11596487|28277086,181938693|376933558,88
28/11/23|494|MOVIL-VOZ|1138401|2744742,983699529|36587423,97
29/11/23|2|MOVIL-VOZ|11709077|28338167,29331135|377747770,08
29/11/23|494|MOVIL-VOZ|1154131|2732582,550703784|36425325,41
30/11/23|2|MOVIL-VOZ|11935836|28403952,156447255|378624682,31
30/11/23|494|MOVIL-VOZ|1154744|2742606,699966454|36558947,31
01/12/23|2|MOVIL-VOZ|11835421|27659776,654536548|368704823,21
01/12/23|494|MOVIL-VOZ|1171918|2659368,98397046|35449388,55
02/12/23|2|MOVIL-VOZ|10132096|23121548,257586229|308210237,95
02/12/23|494|MOVIL-VOZ|1052037|2281194,032363172|30408316,47
03/12/23|2|MOVIL-VOZ|6656243|18335377,183691588|244410577,84
03/12/23|494|MOVIL-VOZ|654493|1721981,833253803|22954017,84
04/12/23|494|MOVIL-VOZ|1097891|2720618,782263709|36265848,4
04/12/23|2|MOVIL-VOZ|11326454|27965120,616644244|372775057,82
05/12/23|494|MOVIL-VOZ|1140078|2787836,983730385|37161866,99
05/12/23|2|MOVIL-VOZ|11922129|28893839,866213618|385154885,31
06/12/23|494|MOVIL-VOZ|1141755|2731777,382629863|36414592,52
06/12/23|2|MOVIL-VOZ|12034702|28424852,792966263|378903287,75
07/12/23|494|MOVIL-VOZ|1229038|2623306,817606635|34968679,88
07/12/23|2|MOVIL-VOZ|12552284|26983027,215533575|359683752,39
08/12/23|494|MOVIL-VOZ|672125|1778902,717530096|23712773,2
08/12/23|2|MOVIL-VOZ|6972848|19099550,194082377|254597004,12
09/12/23|494|MOVIL-VOZ|916149|2110096,715668039|28127589,24
09/12/23|2|MOVIL-VOZ|9239938|21547608,124334361|287229616,48
10/12/23|2|MOVIL-VOZ|6236722|17698035,464880928|235914812,79
10/12/23|494|MOVIL-VOZ|599942|1666943,699708799|22220359,51
11/12/23|494|MOVIL-VOZ|1126876|2768120,684005164|36899048,72
11/12/23|2|MOVIL-VOZ|11577058|28532205,816741079|380334303,5
12/12/23|2|MOVIL-VOZ|11489441|28084743,228882135|374369627,36
12/12/23|494|MOVIL-VOZ|1147518|2764986,216429317|36857266,27
13/12/23|494|MOVIL-VOZ|1180059|2774253,998939974|36980805,84
13/12/23|2|MOVIL-VOZ|11790286|28079544,59032854|374300329,2
14/12/23|494|MOVIL-VOZ|1183955|2793488,516960184|37237201,95
14/12/23|2|MOVIL-VOZ|11846490|27959879,229629892|372705189,83
15/12/23|2|MOVIL-VOZ|11945524|27123979,54461884|361562647,34
15/12/23|494|MOVIL-VOZ|1210602|2724903,199660052|36322959,68
16/12/23|494|MOVIL-VOZ|1110621|2339923,749329401|31191183,61
16/12/23|2|MOVIL-VOZ|10280279|22890417,784232815|305129268,92
17/12/23|494|MOVIL-VOZ|722386|1785706,449706454|23803466,98
17/12/23|2|MOVIL-VOZ|6846671|18155358,435233949|242010927,82
18/12/23|2|MOVIL-VOZ|12007464|28010115,378160361|373374838,13
18/12/23|494|MOVIL-VOZ|1195083|2780221,898966741|37060357,94
19/12/23|494|MOVIL-VOZ|1180682|2707872,133199236|36095935,54
19/12/23|2|MOVIL-VOZ|11657294|27305861,25055644|363987130,58
20/12/23|494|MOVIL-VOZ|1245781|2742701,11699516|36560205,89
20/12/23|2|MOVIL-VOZ|12011892|27488374,263526822|366420028,95
21/12/23|2|MOVIL-VOZ|12132865|27124666,344995642|361571802,22
21/12/23|494|MOVIL-VOZ|1227855|2720520,733605566|36264541,38
22/12/23|2|MOVIL-VOZ|12199977|26299631,538843831|350574088,32
22/12/23|494|MOVIL-VOZ|1268102|2639451,701303863|35183891,17
23/12/23|494|MOVIL-VOZ|1151853|2338763,217373833|31175713,68
23/12/23|2|MOVIL-VOZ|10643053|22755678,419642915|303333193,38
24/12/23|494|MOVIL-VOZ|928020|1999422,38339659|26652300,37
24/12/23|2|MOVIL-VOZ|8900650|20555689,059224014|274007335,41
25/12/23|494|MOVIL-VOZ|546077|1509880,832689876|20126711,51
25/12/23|2|MOVIL-VOZ|5452934|16206686,435365442|216035130,17
26/12/23|494|MOVIL-VOZ|1077916|2500620,899891943|33333276,61
26/12/23|2|MOVIL-VOZ|10222415|25009635,318871352|333378439,01
27/12/23|494|MOVIL-VOZ|1109774|2568374,784334369|34236435,87
27/12/23|2|MOVIL-VOZ|10709805|25665801,362049565|342125132,09
28/12/23|2|MOVIL-VOZ|10700451|25174007,460813908|335569519,49
28/12/23|494|MOVIL-VOZ|1120620|2532194,099228247|33754147,37
29/12/23|2|MOVIL-VOZ|10890964|24585119,063237162|327719637,13
29/12/23|494|MOVIL-VOZ|1164172|2511402,23543378|33476991,79
30/12/23|2|MOVIL-VOZ|9472373|21078709,198287618|280979193,5
30/12/23|494|MOVIL-VOZ|1018251|2158944,850233295|28778734,87
31/12/23|494|MOVIL-VOZ|867801|1955700,850966781|26069492,34
31/12/23|2|MOVIL-VOZ|8715519|20582633,117694708|274366499,48
01/01/24|494|MOVIL-VOZ|550387|1432482,21|19094988,39
01/01/24|2|MOVIL-VOZ|5530750|15343617,69|204530423,94
02/01/24|494|MOVIL-VOZ|900623|2140772,2|28536493,22
02/01/24|2|MOVIL-VOZ|8507292|21789943,12|290459940,86
03/01/24|494|MOVIL-VOZ|993105|2338735,15|31175339,35
03/01/24|2|MOVIL-VOZ|9340909|23210881,95|309401056,63
04/01/24|494|MOVIL-VOZ|987057|2372252,62|31622127,62
04/01/24|2|MOVIL-VOZ|9686289|23813021,54|317427577,04
05/01/24|2|MOVIL-VOZ|9669476|23532867,78|313693127,57
05/01/24|494|MOVIL-VOZ|1029537|2399870,68|31990276,23
06/01/24|494|MOVIL-VOZ|893777|2031212,35|27076061,3
06/01/24|2|MOVIL-VOZ|8396312|19842751,29|264503875,72
07/01/24|2|MOVIL-VOZ|5748142|15580952,21|207694091,5
07/01/24|494|MOVIL-VOZ|563205|1517535,38|20228747,1
08/01/24|2|MOVIL-VOZ|5783411|17361392,6|231427364,02
08/01/24|494|MOVIL-VOZ|564821|1655120,84|22062760,27
09/01/24|2|MOVIL-VOZ|10165270|25764189,02|343436641,14
09/01/24|494|MOVIL-VOZ|1084843|2590893,08|34536604,59
10/01/24|494|MOVIL-VOZ|1092836|2658204,29|35433863,78
10/01/24|2|MOVIL-VOZ|10082905|26208537,71|349359807,31
11/01/24|494|MOVIL-VOZ|1104112|2662239,63|35487654,54
11/01/24|2|MOVIL-VOZ|9988804|26345811,32|351189665,72
12/01/24|2|MOVIL-VOZ|9900834|25377387,88|338280580,25
12/01/24|494|MOVIL-VOZ|1070763|2561323,67|34142444,71
13/01/24|2|MOVIL-VOZ|8387635|20956181,08|279345893,41
13/01/24|494|MOVIL-VOZ|902204|2153148,9|28701475,29
14/01/24|494|MOVIL-VOZ|588651|1628671,91|21710196,87
14/01/24|2|MOVIL-VOZ|5707108|16832035,57|224371033,44
15/01/24|494|MOVIL-VOZ|1111204|2705706,12|36067062,77
15/01/24|2|MOVIL-VOZ|10361177|27164456,39|362102204,71
16/01/24|2|MOVIL-VOZ|10203923|26729614,99|356305767,51
16/01/24|494|MOVIL-VOZ|1129470|2690583,78|35865481,19
17/01/24|494|MOVIL-VOZ|1086028|2690653,02|35866404,5
17/01/24|2|MOVIL-VOZ|10154324|26625518,32|354918160,94
18/01/24|494|MOVIL-VOZ|1053796|2628089,93|35032438,38
18/01/24|2|MOVIL-VOZ|10066439|26225920,62|349591522,27
19/01/24|2|MOVIL-VOZ|10558665|26633118,47|355019471,14
19/01/24|494|MOVIL-VOZ|1060750|2642267,87|35221430,89
20/01/24|494|MOVIL-VOZ|907888|2167415,7|28891651,96
20/01/24|2|MOVIL-VOZ|8775307|21609290,38|288051842,36
21/01/24|494|MOVIL-VOZ|579395|1637490,38|21827746,59
21/01/24|2|MOVIL-VOZ|5769151|16944206,24|225866269,53
22/01/24|494|MOVIL-VOZ|1058127|2689459,97|35850501,14
22/01/24|2|MOVIL-VOZ|10591222|27427261,43|365605396,69
23/01/24|494|MOVIL-VOZ|1036062|2669921,42|35590052,71
23/01/24|2|MOVIL-VOZ|10280238|26993148,6|359818671,51
24/01/24|2|MOVIL-VOZ|10373545|27042646,69|360478480,95
24/01/24|494|MOVIL-VOZ|1038795|2674019,01|35644674,17
25/01/24|494|MOVIL-VOZ|1031862|2622533,03|34958365,12
25/01/24|2|MOVIL-VOZ|10083203|26498912,38|353230502,72
26/01/24|2|MOVIL-VOZ|10390535|26111578,51|348067340,72
26/01/24|494|MOVIL-VOZ|1070141|2624220,9|34980864,83
27/01/24|494|MOVIL-VOZ|933647|2177555,8|29026819,49
27/01/24|2|MOVIL-VOZ|8792877|21355982,52|284675247,18
28/01/24|2|MOVIL-VOZ|5707769|16834216,82|224400111,72
28/01/24|494|MOVIL-VOZ|567225|1620948,82|21607247,95
29/01/24|494|MOVIL-VOZ|1022626|2671228,97|35607482,13
29/01/24|2|MOVIL-VOZ|10094584|26214152,33|349434650,59
30/01/24|2|MOVIL-VOZ|10665473|27317902,67|364147641,23
30/01/24|494|MOVIL-VOZ|1046051|2690841,01|35868910,98
31/01/24|2|MOVIL-VOZ|10994183|27156976,95|362002502,34
31/01/24|494|MOVIL-VOZ|1118043|2741416,98|36543088,39
01/02/24|2|MOVIL-VOZ|10513410|26731379,79|356329293,02
01/02/24|494|MOVIL-VOZ|1023289|2657222,1|35420771,04
02/02/24|494|MOVIL-VOZ|1160030|2701552,72|36011697,73
02/02/24|2|MOVIL-VOZ|10900690|26256365|349997344,19
03/02/24|494|MOVIL-VOZ|989104|2227734,99|29695707,34
03/02/24|2|MOVIL-VOZ|9271971|21818387,46|290839104,12
04/02/24|494|MOVIL-VOZ|592697|1660628,81|22136181,68
04/02/24|2|MOVIL-VOZ|6031505|17100125,95|227944679,64
05/02/24|2|MOVIL-VOZ|10804553|27180711,17|362318879,31
05/02/24|494|MOVIL-VOZ|1116322|2707819,84|36095238,4
06/02/24|2|MOVIL-VOZ|10415493|27150287,65|361913335,04
06/02/24|494|MOVIL-VOZ|1091891|2725858,97|36335700,48
07/02/24|2|MOVIL-VOZ|10349370|26760350,83|356715477,71
07/02/24|494|MOVIL-VOZ|1075205|2664752,58|35521151,95
08/02/24|2|MOVIL-VOZ|10211692|26659649,69|355373130,48
08/02/24|494|MOVIL-VOZ|1108522|2662197,22|35487088,91
09/02/24|2|MOVIL-VOZ|10517529|26102294,54|347943587,44
09/02/24|494|MOVIL-VOZ|1153106|2667127,94|35552815,15
10/02/24|2|MOVIL-VOZ|8788055|21390573,74|285136347,86
10/02/24|494|MOVIL-VOZ|991407|2188737,74|29175874,22
11/02/24|2|MOVIL-VOZ|5748360|16790522,21|223817661,59
11/02/24|494|MOVIL-VOZ|586552|1630920,34|21740167,6
12/02/24|2|MOVIL-VOZ|10237442|26479142,81|352966973,97
12/02/24|494|MOVIL-VOZ|1112305|2628900,3|35043240,79
13/02/24|494|MOVIL-VOZ|1085756|2641228,63|35207577,47
13/02/24|2|MOVIL-VOZ|10634020|26698587,29|355892167,58
14/02/24|494|MOVIL-VOZ|1133873|2667815,86|35561985,29
14/02/24|2|MOVIL-VOZ|10725484|26491750,37|353135034,12
15/02/24|494|MOVIL-VOZ|1150448|2750956,8|36670254,16
15/02/24|2|MOVIL-VOZ|10870524|27281939,96|363668259,03
16/02/24|494|MOVIL-VOZ|1174433|2690248,16|35861007,85
16/02/24|2|MOVIL-VOZ|10906655|26432199,57|352341221,1
17/02/24|494|MOVIL-VOZ|1022146|2240402,12|29864560,23
17/02/24|2|MOVIL-VOZ|9004051|21504701,85|286657676,12
18/02/24|2|MOVIL-VOZ|5822643|16920245,59|225546874,07
18/02/24|494|MOVIL-VOZ|633691|1670866,83|22272655,33
19/02/24|494|MOVIL-VOZ|1146036|2742608,52|36558971,32
19/02/24|2|MOVIL-VOZ|10829401|27236709,07|363065331,18
20/02/24|2|MOVIL-VOZ|10623287|26743720,71|356493796,68
20/02/24|494|MOVIL-VOZ|1066814|2687358,46|35822487,93
21/02/24|2|MOVIL-VOZ|10533729|26660276,58|355381486,61
21/02/24|494|MOVIL-VOZ|1100199|2688757,61|35841139,04
22/02/24|494|MOVIL-VOZ|1105122|2631616,94|35079453,96
22/02/24|2|MOVIL-VOZ|10456049|26464716,66|352774672,23
23/02/24|494|MOVIL-VOZ|1127310|2631789,26|35081751,16
23/02/24|2|MOVIL-VOZ|10962619|26215042,43|349446516,06
24/02/24|494|MOVIL-VOZ|959282|2190132,97|29194472,45
24/02/24|2|MOVIL-VOZ|8986457|21249913,05|283261340,32
25/02/24|494|MOVIL-VOZ|552634|1608527,32|21441669,13
25/02/24|2|MOVIL-VOZ|5564970|16446066,37|219226065,14
26/02/24|2|MOVIL-VOZ|10612420|26455640,3|352653685,63
26/02/24|494|MOVIL-VOZ|1065353|2633736,57|35107708,67
27/02/24|494|MOVIL-VOZ|1137270|2670967,27|35603993,9
27/02/24|2|MOVIL-VOZ|10621006|26362613,36|351413635,91
28/02/24|2|MOVIL-VOZ|10565466|26211128,39|349394341,07
28/02/24|494|MOVIL-VOZ|1074379|2641577,31|35212225,2
29/02/24|494|MOVIL-VOZ|1093414|2666213,33|35540623,52
29/02/24|2|MOVIL-VOZ|10682973|26236461,77|349732035,96
01/03/24|494|MOVIL-VOZ|1138073|2667028,64|35551491,69
01/03/24|2|MOVIL-VOZ|10375743|25175423,51|335588395,89
02/03/24|494|MOVIL-VOZ|1014711|2211272,28|29476260,21
02/03/24|2|MOVIL-VOZ|8896769|21040265,64|280466742,65
03/03/24|494|MOVIL-VOZ|578816|1616975,98|21554289,86
03/03/24|2|MOVIL-VOZ|5695154|16548492,98|220591411,46
04/03/24|2|MOVIL-VOZ|10714339|26645726,08|355187528,65
04/03/24|494|MOVIL-VOZ|1139907|2741658,48|36546307,59
05/03/24|494|MOVIL-VOZ|1092261|2657264,61|35421336,68
05/03/24|2|MOVIL-VOZ|10624943|25886413,09|345065885,9
06/03/24|494|MOVIL-VOZ|1053094|2631553,85|35078613,49
06/03/24|2|MOVIL-VOZ|10535846|26097944,73|347885603,28
07/03/24|494|MOVIL-VOZ|1097556|2641649,86|35213192,73
07/03/24|2|MOVIL-VOZ|10948367|26215545,84|349453225,67
08/03/24|2|MOVIL-VOZ|11122354|25580405,1|340986799,27
08/03/24|494|MOVIL-VOZ|1176367|2583528,01|34438428,25
09/03/24|2|MOVIL-VOZ|8669883|20710940,96|276076842,63
09/03/24|494|MOVIL-VOZ|972354|2168081,76|28900530,18
10/03/24|494|MOVIL-VOZ|601326|1615687,47|21537113,71
10/03/24|2|MOVIL-VOZ|5490665|16153356,31|215324239,48
11/03/24|494|MOVIL-VOZ|1154138|2737232,88|36487313,9
11/03/24|2|MOVIL-VOZ|10488150|26428624,3|352293561,22
12/03/24|494|MOVIL-VOZ|1199441|2674613,87|35652602,63
12/03/24|2|MOVIL-VOZ|10528938|25802922,31|343952954,43
13/03/24|2|MOVIL-VOZ|10687670|26312046,39|350739578,7
13/03/24|494|MOVIL-VOZ|1232775|2756087,53|36738646,61
14/03/24|2|MOVIL-VOZ|10797436|26145491,22|348519398,56
14/03/24|494|MOVIL-VOZ|1191522|2705999,35|36070971,58
15/03/24|494|MOVIL-VOZ|1201469|2690539,14|35864887,1
15/03/24|2|MOVIL-VOZ|11130129|25748055,96|343221584,88
16/03/24|494|MOVIL-VOZ|1082617|2264332,52|30183552,68
16/03/24|2|MOVIL-VOZ|9200424|21258020,77|283369417,26
17/03/24|494|MOVIL-VOZ|661184|1587322,64|21159010,93
17/03/24|2|MOVIL-VOZ|5833057|15929746,08|212343516,23
18/03/24|494|MOVIL-VOZ|1183007|2756897,29|36749441,24
18/03/24|2|MOVIL-VOZ|11023700|26302697,77|350614963,19
19/03/24|2|MOVIL-VOZ|10951771|25968645,37|346162042,91
19/03/24|494|MOVIL-VOZ|1176608|2660893,46|35469709,92
20/03/24|2|MOVIL-VOZ|11064961|26203365,08|349290856,71
20/03/24|494|MOVIL-VOZ|1121827|2677302,44|35688441
21/03/24|494|MOVIL-VOZ|1153038|2682982,89|35764161,85
21/03/24|2|MOVIL-VOZ|11080545|26203828,66|349297036,53
22/03/24|494|MOVIL-VOZ|1203538|2615733,15|34867722,46
22/03/24|2|MOVIL-VOZ|11249673|25361607,32|338070226,82
23/03/24|2|MOVIL-VOZ|9315453|21108781,32|281380052,51
23/03/24|494|MOVIL-VOZ|1007232|2202895,81|29364601,47
24/03/24|2|MOVIL-VOZ|5680031|15244099,76|203203849,45
24/03/24|494|MOVIL-VOZ|596647|1557428,28|20760519,46
25/03/24|494|MOVIL-VOZ|704880|1706580,38|22522122,05
25/03/24|2|MOVIL-VOZ|5840472|16535128,6|218745093,74
26/03/24|494|MOVIL-VOZ|1110402|2432156,41|15565801,3
26/03/24|2|MOVIL-VOZ|10502099|23129925,37|148031521,98
27/03/24|2|MOVIL-VOZ|10763328|22316567,24|142826030,23
27/03/24|494|MOVIL-VOZ|1057250|2371140,87|15175301,55
28/03/24|494|MOVIL-VOZ|561925|1545679,67|9892349,87
28/03/24|2|MOVIL-VOZ|5454610|14882304,31|95246747,32
29/03/24|2|MOVIL-VOZ|4295152|12729084,41|81466140,49
29/03/24|494|MOVIL-VOZ|434656|1292361,23|8271112
30/03/24|494|MOVIL-VOZ|672133|1644630,46|10525634,99
30/03/24|2|MOVIL-VOZ|6691898|15833575,69|101334884,17
31/03/24|2|MOVIL-VOZ|5120934|15155245,79|96993572,37
31/03/24|494|MOVIL-VOZ|513741|1502673,38|9617109,76
01/04/24|494|MOVIL-VOZ|1039105|2604379,83|16668030,83
01/04/24|2|MOVIL-VOZ|10193023|25505669,81|163236287,3
02/04/24|494|MOVIL-VOZ|1059097|2611050,57|16710723,42
02/04/24|2|MOVIL-VOZ|10428243|25858095,94|165491814,33
03/04/24|2|MOVIL-VOZ|10865553|26323510,74|168470468,43
03/04/24|494|MOVIL-VOZ|1072521|2668020,29|17075330,04
04/04/24|2|MOVIL-VOZ|10532125|25588969,6|163769405,38
04/04/24|494|MOVIL-VOZ|1125125|2646598,7|16938231,69
05/04/24|2|MOVIL-VOZ|10959637|25292854,09|161874266,51
05/04/24|494|MOVIL-VOZ|1186977|2695554,74|17251550,09
06/04/24|2|MOVIL-VOZ|8685541|20382667,62|130449074
06/04/24|494|MOVIL-VOZ|990086|2170756,74|13892843,1
07/04/24|2|MOVIL-VOZ|5487777|15957823,91|102130072,63
07/04/24|494|MOVIL-VOZ|637495|1613038,25|10323445,02
08/04/24|494|MOVIL-VOZ|1185340|2662883,57|17042455,16
08/04/24|2|MOVIL-VOZ|10426446|25489155,53|163130595,06
09/04/24|2|MOVIL-VOZ|10632848|25344599,85|162205439,33
09/04/24|494|MOVIL-VOZ|1163297|2657543,55|17008278,63
10/04/24|2|MOVIL-VOZ|10715096|25500101,27|163200647,21
10/04/24|494|MOVIL-VOZ|1125535|2645635,59|16932067,64
11/04/24|2|MOVIL-VOZ|10579266|25031244,54|160199965,71
11/04/24|494|MOVIL-VOZ|1074007|2568429,82|16437950,62
12/04/24|2|MOVIL-VOZ|10871021|24651827,4|157771694,79
12/04/24|494|MOVIL-VOZ|1091965|2535272,35|16225742,94
