SUB_DESTINO|TIPO_DESTINO|FECHA_TASACION|TOTAL_LLAMADAS|TOTAL_MINUTOS
1002|MOVIL-VOZ|01/12/23|1224|3659
1001|MOVIL-VOZ|01/12/23|2003509|6260281
696|MOVIL-VOZ|01/12/23|137|1005
494|MOVIL-VOZ|01/12/23|1673|4586
1011|FIJO-VOZ|01/12/23|43|86
1049|MOVIL-VOZ|01/12/23|62213|202242
1059|MOVIL-VOZ|01/12/23|131049|457072
1002|MOVIL-VOZ|02/12/23|1092|3283
1001|MOVIL-VOZ|02/12/23|1718715|5162959
696|MOVIL-VOZ|02/12/23|73|328
494|MOVIL-VOZ|02/12/23|1214|3258
1011|FIJO-VOZ|02/12/23|45|148
1059|MOVIL-VOZ|02/12/23|113048|382606
1049|MOVIL-VOZ|02/12/23|55334|172342
1022|MOVIL-VOZ|02/12/23|32243|105496
494|MOVIL-VOZ|03/12/23|802|2523
696|MOVIL-VOZ|03/12/23|30|200
1001|MOVIL-VOZ|03/12/23|1148732|3912398
1002|MOVIL-VOZ|03/12/23|749|2727
1049|MOVIL-VOZ|03/12/23|37761|136126
1022|MOVIL-VOZ|03/12/23|20864|78590
1011|FIJO-VOZ|03/12/23|24|65
1059|MOVIL-VOZ|03/12/23|78747|297755
494|MOVIL-VOZ|04/12/23|1667|5423
1059|MOVIL-VOZ|04/12/23|126353|473852
1049|MOVIL-VOZ|04/12/23|59108|208020
1022|MOVIL-VOZ|04/12/23|38842|150890
1011|FIJO-VOZ|04/12/23|40|191
1002|MOVIL-VOZ|04/12/23|1249|4254
1001|MOVIL-VOZ|04/12/23|1940674|6446542
696|MOVIL-VOZ|04/12/23|183|1004
494|MOVIL-VOZ|05/12/23|1739|5240
696|MOVIL-VOZ|05/12/23|201|1479
1059|MOVIL-VOZ|05/12/23|127053|476913
1049|MOVIL-VOZ|05/12/23|61828|212233
1022|MOVIL-VOZ|05/12/23|42220|160822
1011|FIJO-VOZ|05/12/23|51|148
1002|MOVIL-VOZ|05/12/23|1203|3799
1001|MOVIL-VOZ|05/12/23|2030018|6622908
1049|MOVIL-VOZ|06/12/23|62548|210579
494|MOVIL-VOZ|06/12/23|1730|5087
696|MOVIL-VOZ|06/12/23|155|1006
1001|MOVIL-VOZ|06/12/23|2047072|6554610
1002|MOVIL-VOZ|06/12/23|1177|4361
1011|FIJO-VOZ|06/12/23|44|90
1022|MOVIL-VOZ|06/12/23|41719|154256
1059|MOVIL-VOZ|06/12/23|127140|464361
494|MOVIL-VOZ|07/12/23|1727|4677
696|MOVIL-VOZ|07/12/23|129|777
1001|MOVIL-VOZ|07/12/23|2148966|6273059
1059|MOVIL-VOZ|07/12/23|136132|443990
1011|FIJO-VOZ|07/12/23|34|96
1022|MOVIL-VOZ|07/12/23|44076|144827
1049|MOVIL-VOZ|07/12/23|67430|203092
1002|MOVIL-VOZ|07/12/23|1367|4208
494|MOVIL-VOZ|08/12/23|823|2682
696|MOVIL-VOZ|08/12/23|63|223
1001|MOVIL-VOZ|08/12/23|1171763|3995860
1059|MOVIL-VOZ|08/12/23|80343|302727
1011|FIJO-VOZ|08/12/23|28|68
1022|MOVIL-VOZ|08/12/23|21363|79725
1049|MOVIL-VOZ|08/12/23|39220|138217
1002|MOVIL-VOZ|08/12/23|801|3060
494|MOVIL-VOZ|09/12/23|1014|3032
696|MOVIL-VOZ|09/12/23|156|688
1001|MOVIL-VOZ|09/12/23|1545382|4753496
1059|MOVIL-VOZ|09/12/23|100915|346441
1011|FIJO-VOZ|09/12/23|31|85
1022|MOVIL-VOZ|09/12/23|28390|93377
1049|MOVIL-VOZ|09/12/23|49530|156738
1002|MOVIL-VOZ|09/12/23|1015|3214
494|MOVIL-VOZ|10/12/23|625|2154
696|MOVIL-VOZ|10/12/23|40|197
1001|MOVIL-VOZ|10/12/23|1049943|3706047
1059|MOVIL-VOZ|10/12/23|72410|284089
1011|FIJO-VOZ|10/12/23|13|21
1022|MOVIL-VOZ|10/12/23|18816|72248
1049|MOVIL-VOZ|10/12/23|34634|129318
1002|MOVIL-VOZ|10/12/23|718|2504
494|MOVIL-VOZ|11/12/23|1580|5193
696|MOVIL-VOZ|11/12/23|228|1016
1001|MOVIL-VOZ|11/12/23|1955012|6571169
1059|MOVIL-VOZ|11/12/23|123526|473125
1011|FIJO-VOZ|11/12/23|24|92
1022|MOVIL-VOZ|11/12/23|39771|156139
1049|MOVIL-VOZ|11/12/23|58993|210174
1002|MOVIL-VOZ|11/12/23|1177|3650
494|MOVIL-VOZ|12/12/23|1693|5342
696|MOVIL-VOZ|12/12/23|188|1050
1001|MOVIL-VOZ|12/12/23|1935716|6464048
1059|MOVIL-VOZ|12/12/23|122094|467219
1011|FIJO-VOZ|12/12/23|39|163
1022|MOVIL-VOZ|12/12/23|40344|155724
1049|MOVIL-VOZ|12/12/23|59552|207644
1002|MOVIL-VOZ|12/12/23|1076|3394
494|MOVIL-VOZ|13/12/23|1619|4987
696|MOVIL-VOZ|13/12/23|152|655
1001|MOVIL-VOZ|13/12/23|1954974|6436234
1059|MOVIL-VOZ|13/12/23|121164|455365
1011|FIJO-VOZ|13/12/23|37|104
1022|MOVIL-VOZ|13/12/23|40684|157419
1049|MOVIL-VOZ|13/12/23|60229|204926
1002|MOVIL-VOZ|13/12/23|1086|3213
494|MOVIL-VOZ|14/12/23|1727|5510
696|MOVIL-VOZ|14/12/23|166|871
1001|MOVIL-VOZ|14/12/23|1943651|6436197
1059|MOVIL-VOZ|14/12/23|122322|460235
1011|FIJO-VOZ|14/12/23|40|291
1022|MOVIL-VOZ|14/12/23|40677|153344
1049|MOVIL-VOZ|14/12/23|59628|207441
1002|MOVIL-VOZ|14/12/23|1129|3410
494|MOVIL-VOZ|15/12/23|1582|4882
696|MOVIL-VOZ|15/12/23|127|673
1001|MOVIL-VOZ|15/12/23|2004808|6304526
1059|MOVIL-VOZ|15/12/23|125999|452436
1011|FIJO-VOZ|15/12/23|28|69
1022|MOVIL-VOZ|15/12/23|41968|147510
1049|MOVIL-VOZ|15/12/23|62815|202206
1002|MOVIL-VOZ|15/12/23|1173|3925
494|MOVIL-VOZ|16/12/23|1248|3147
696|MOVIL-VOZ|16/12/23|52|293
1001|MOVIL-VOZ|16/12/23|1764914|5242237
1059|MOVIL-VOZ|16/12/23|113247|377123
1011|FIJO-VOZ|16/12/23|27|91
1022|MOVIL-VOZ|16/12/23|33835|109491
1049|MOVIL-VOZ|16/12/23|57459|176396
1002|MOVIL-VOZ|16/12/23|1149|3219
494|MOVIL-VOZ|17/12/23|796|2346
696|MOVIL-VOZ|17/12/23|30|202
1001|MOVIL-VOZ|17/12/23|1191307|3967320
1059|MOVIL-VOZ|17/12/23|82043|298232
1011|FIJO-VOZ|17/12/23|9|30
1022|MOVIL-VOZ|17/12/23|22269|80373
1049|MOVIL-VOZ|17/12/23|40279|137742
1002|MOVIL-VOZ|17/12/23|805|2698
494|MOVIL-VOZ|18/12/23|1643|5148
696|MOVIL-VOZ|18/12/23|129|848
1001|MOVIL-VOZ|18/12/23|1982785|6425463
1002|MOVIL-VOZ|18/12/23|1159|3535
1011|FIJO-VOZ|18/12/23|34|130
1022|MOVIL-VOZ|18/12/23|40384|147968
1049|MOVIL-VOZ|18/12/23|61715|208458
1059|MOVIL-VOZ|18/12/23|125546|460327
494|MOVIL-VOZ|19/12/23|1665|4841
696|MOVIL-VOZ|19/12/23|122|485
1001|MOVIL-VOZ|19/12/23|1958755|6327678
1059|MOVIL-VOZ|19/12/23|122664|447120
1011|FIJO-VOZ|19/12/23|29|98
1022|MOVIL-VOZ|19/12/23|40175|145895
1049|MOVIL-VOZ|19/12/23|60633|202893
1002|MOVIL-VOZ|19/12/23|1252|3960
494|MOVIL-VOZ|20/12/23|1654|5470
696|MOVIL-VOZ|20/12/23|80|430
1001|MOVIL-VOZ|20/12/23|2004896|6381919
1059|MOVIL-VOZ|20/12/23|126843|458837
1011|FIJO-VOZ|20/12/23|29|61
1022|MOVIL-VOZ|20/12/23|40362|143838
1049|MOVIL-VOZ|20/12/23|62985|207820
1002|MOVIL-VOZ|20/12/23|1259|3844
494|MOVIL-VOZ|21/12/23|1680|4843
696|MOVIL-VOZ|21/12/23|91|478
1001|MOVIL-VOZ|21/12/23|2036807|6334135
1059|MOVIL-VOZ|21/12/23|127612|451517
1011|FIJO-VOZ|21/12/23|30|101
1022|MOVIL-VOZ|21/12/23|41026|140591
1049|MOVIL-VOZ|21/12/23|64498|209147
1002|MOVIL-VOZ|21/12/23|1222|4048
494|MOVIL-VOZ|22/12/23|1665|4595
696|MOVIL-VOZ|22/12/23|87|457
1001|MOVIL-VOZ|22/12/23|2090779|6190867
1059|MOVIL-VOZ|22/12/23|131472|436654
1011|FIJO-VOZ|22/12/23|40|111
1022|MOVIL-VOZ|22/12/23|41275|136518
1049|MOVIL-VOZ|22/12/23|65580|200196
1002|MOVIL-VOZ|22/12/23|1212|3639
494|MOVIL-VOZ|23/12/23|1335|3766
696|MOVIL-VOZ|23/12/23|56|329
1001|MOVIL-VOZ|23/12/23|1872923|5290358
1059|MOVIL-VOZ|23/12/23|120037|378026
1011|FIJO-VOZ|23/12/23|40|134
1022|MOVIL-VOZ|23/12/23|33665|104861
1049|MOVIL-VOZ|23/12/23|60655|180539
1002|MOVIL-VOZ|23/12/23|1217|3564
494|MOVIL-VOZ|24/12/23|1186|3317
696|MOVIL-VOZ|24/12/23|15|82
1001|MOVIL-VOZ|24/12/23|1574937|4531570
1059|MOVIL-VOZ|24/12/23|106862|342879
1011|FIJO-VOZ|24/12/23|27|54
1022|MOVIL-VOZ|24/12/23|29887|96416
1049|MOVIL-VOZ|24/12/23|52204|157737
1002|MOVIL-VOZ|24/12/23|1002|2704
494|MOVIL-VOZ|25/12/23|821|2929
696|MOVIL-VOZ|25/12/23|19|83
1001|MOVIL-VOZ|25/12/23|925098|3379463
1059|MOVIL-VOZ|25/12/23|63501|263099
1011|FIJO-VOZ|25/12/23|19|77
1022|MOVIL-VOZ|25/12/23|16264|65296
1049|MOVIL-VOZ|25/12/23|32222|122282
1002|MOVIL-VOZ|25/12/23|616|2125
494|MOVIL-VOZ|26/12/23|1622|4680
696|MOVIL-VOZ|26/12/23|141|813
1001|MOVIL-VOZ|26/12/23|1719768|5723938
1059|MOVIL-VOZ|26/12/23|109063|414544
1011|FIJO-VOZ|26/12/23|17|49
1022|MOVIL-VOZ|26/12/23|32958|124192
1049|MOVIL-VOZ|26/12/23|53874|187387
1002|MOVIL-VOZ|26/12/23|1014|3633
494|MOVIL-VOZ|27/12/23|1756|5569
696|MOVIL-VOZ|27/12/23|111|625
1001|MOVIL-VOZ|27/12/23|1804516|5888577
1059|MOVIL-VOZ|27/12/23|113152|420810
1011|FIJO-VOZ|27/12/23|28|54
1022|MOVIL-VOZ|27/12/23|35145|129598
1049|MOVIL-VOZ|27/12/23|56570|193099
1002|MOVIL-VOZ|27/12/23|1075|3064
494|MOVIL-VOZ|28/12/23|1848|5289
696|MOVIL-VOZ|28/12/23|81|535
1001|MOVIL-VOZ|28/12/23|1817491|5838088
1059|MOVIL-VOZ|28/12/23|114127|421656
1011|FIJO-VOZ|28/12/23|26|53
1022|MOVIL-VOZ|28/12/23|35409|127694
1049|MOVIL-VOZ|28/12/23|56576|188540
1002|MOVIL-VOZ|28/12/23|1079|3503
494|MOVIL-VOZ|29/12/23|1810|5391
696|MOVIL-VOZ|29/12/23|97|460
1001|MOVIL-VOZ|29/12/23|1863751|5702867
1059|MOVIL-VOZ|29/12/23|117521|406465
1011|FIJO-VOZ|29/12/23|33|71
1022|MOVIL-VOZ|29/12/23|34403|119931
1049|MOVIL-VOZ|29/12/23|58775|190057
1002|MOVIL-VOZ|29/12/23|1164|3699
494|MOVIL-VOZ|30/12/23|1528|3918
696|MOVIL-VOZ|30/12/23|54|375
1001|MOVIL-VOZ|30/12/23|1663730|4871175
1059|MOVIL-VOZ|30/12/23|104590|343720
1011|FIJO-VOZ|30/12/23|18|26
1022|MOVIL-VOZ|30/12/23|27330|91044
1049|MOVIL-VOZ|30/12/23|53971|166455
1002|MOVIL-VOZ|30/12/23|1168|3152
494|MOVIL-VOZ|31/12/23|1471|3937
696|MOVIL-VOZ|31/12/23|13|38
1001|MOVIL-VOZ|31/12/23|1496445|4445335
1059|MOVIL-VOZ|31/12/23|101609|338858
1011|FIJO-VOZ|31/12/23|21|56
1022|MOVIL-VOZ|31/12/23|26311|88998
1049|MOVIL-VOZ|31/12/23|50074|159357
1002|MOVIL-VOZ|31/12/23|985|2885
1011|FIJO-VOZ|01/03/24|22|75
1022|MOVIL-VOZ|01/03/24|37498|145160
1049|MOVIL-VOZ|01/03/24|58580|200190
1002|MOVIL-VOZ|01/03/24|1192|4290
1001|MOVIL-VOZ|01/03/24|1854051|6176964
696|MOVIL-VOZ|01/03/24|157|1045
494|MOVIL-VOZ|01/03/24|2543|8183
1059|MOVIL-VOZ|01/03/24|110509|415283
1001|MOVIL-VOZ|02/03/24|1547687|4885581
696|MOVIL-VOZ|02/03/24|154|610
494|MOVIL-VOZ|02/03/24|2003|5973
1002|MOVIL-VOZ|02/03/24|1126|3861
1059|MOVIL-VOZ|02/03/24|96032|337743
1049|MOVIL-VOZ|02/03/24|51059|166136
1022|MOVIL-VOZ|02/03/24|28047|96373
1011|FIJO-VOZ|02/03/24|25|35
494|MOVIL-VOZ|03/03/24|1300|4182
696|MOVIL-VOZ|03/03/24|43|334
1001|MOVIL-VOZ|03/03/24|996783|3595051
1049|MOVIL-VOZ|03/03/24|33976|128322
1022|MOVIL-VOZ|03/03/24|18322|69664
1011|FIJO-VOZ|03/03/24|19|139
1002|MOVIL-VOZ|03/03/24|672|1873
1059|MOVIL-VOZ|03/03/24|65174|256192
1049|MOVIL-VOZ|04/03/24|55094|200786
1022|MOVIL-VOZ|04/03/24|35471|146972
1011|FIJO-VOZ|04/03/24|32|94
1002|MOVIL-VOZ|04/03/24|1118|3822
1001|MOVIL-VOZ|04/03/24|1797392|6293097
696|MOVIL-VOZ|04/03/24|192|750
494|MOVIL-VOZ|04/03/24|2360|8202
1059|MOVIL-VOZ|04/03/24|106182|427250
1049|MOVIL-VOZ|05/03/24|53807|199207
1022|MOVIL-VOZ|05/03/24|35971|145666
1011|FIJO-VOZ|05/03/24|31|138
1002|MOVIL-VOZ|05/03/24|1134|3958
1001|MOVIL-VOZ|05/03/24|1741110|6054671
696|MOVIL-VOZ|05/03/24|210|1081
494|MOVIL-VOZ|05/03/24|2348|8545
1059|MOVIL-VOZ|05/03/24|103405|415167
1049|MOVIL-VOZ|06/03/24|53854|196516
1022|MOVIL-VOZ|06/03/24|35082|142358
1011|FIJO-VOZ|06/03/24|26|49
1002|MOVIL-VOZ|06/03/24|977|3707
1001|MOVIL-VOZ|06/03/24|1758274|6186315
696|MOVIL-VOZ|06/03/24|210|977
494|MOVIL-VOZ|06/03/24|2325|8101
1059|MOVIL-VOZ|06/03/24|103967|418396
494|MOVIL-VOZ|07/03/24|2389|8169
696|MOVIL-VOZ|07/03/24|189|1201
1059|MOVIL-VOZ|07/03/24|105057|423567
1049|MOVIL-VOZ|07/03/24|54863|198054
1022|MOVIL-VOZ|07/03/24|35729|141404
1011|FIJO-VOZ|07/03/24|32|134
1002|MOVIL-VOZ|07/03/24|1132|3930
1001|MOVIL-VOZ|07/03/24|1778546|6169152
494|MOVIL-VOZ|08/03/24|2442|7781
1049|MOVIL-VOZ|08/03/24|59089|203269
1022|MOVIL-VOZ|08/03/24|37142|138942
1011|FIJO-VOZ|08/03/24|35|81
1002|MOVIL-VOZ|08/03/24|1178|4182
1001|MOVIL-VOZ|08/03/24|1843245|6024570
696|MOVIL-VOZ|08/03/24|124|736
1059|MOVIL-VOZ|08/03/24|109891|410398
494|MOVIL-VOZ|09/03/24|1964|6063
696|MOVIL-VOZ|09/03/24|117|551
1001|MOVIL-VOZ|09/03/24|1487285|4820791
1002|MOVIL-VOZ|09/03/24|1084|3851
1011|FIJO-VOZ|09/03/24|37|94
1022|MOVIL-VOZ|09/03/24|27302|97623
1049|MOVIL-VOZ|09/03/24|49563|168024
1059|MOVIL-VOZ|09/03/24|91141|333670
494|MOVIL-VOZ|10/03/24|1300|4373
696|MOVIL-VOZ|10/03/24|54|305
1001|MOVIL-VOZ|10/03/24|957280|3524722
1059|MOVIL-VOZ|10/03/24|62932|261081
1011|FIJO-VOZ|10/03/24|19|49
1022|MOVIL-VOZ|10/03/24|17221|68756
1049|MOVIL-VOZ|10/03/24|32404|123434
1002|MOVIL-VOZ|10/03/24|644|2777
494|MOVIL-VOZ|11/03/24|2343|8266
696|MOVIL-VOZ|11/03/24|201|847
1001|MOVIL-VOZ|11/03/24|1738168|6193909
1059|MOVIL-VOZ|11/03/24|103032|420040
1011|FIJO-VOZ|11/03/24|23|85
1022|MOVIL-VOZ|11/03/24|34003|142099
1049|MOVIL-VOZ|11/03/24|53168|199428
1002|MOVIL-VOZ|11/03/24|1116|3912
494|MOVIL-VOZ|12/03/24|2250|8211
696|MOVIL-VOZ|12/03/24|183|1001
1001|MOVIL-VOZ|12/03/24|1716914|6114139
1059|MOVIL-VOZ|12/03/24|100893|417051
1011|FIJO-VOZ|12/03/24|26|116
1022|MOVIL-VOZ|12/03/24|33874|138698
1049|MOVIL-VOZ|12/03/24|52336|197614
1002|MOVIL-VOZ|12/03/24|1033|4073
494|MOVIL-VOZ|13/03/24|2480|8074
696|MOVIL-VOZ|13/03/24|206|1011
1001|MOVIL-VOZ|13/03/24|1745236|6221733
1059|MOVIL-VOZ|13/03/24|100435|406978
1011|FIJO-VOZ|13/03/24|35|154
1022|MOVIL-VOZ|13/03/24|34541|144194
1049|MOVIL-VOZ|13/03/24|53366|194096
1002|MOVIL-VOZ|13/03/24|1071|3766
494|MOVIL-VOZ|14/03/24|2401|8075
696|MOVIL-VOZ|14/03/24|145|744
1001|MOVIL-VOZ|14/03/24|1740943|6142437
1059|MOVIL-VOZ|14/03/24|102246|411560
1011|FIJO-VOZ|14/03/24|30|76
1022|MOVIL-VOZ|14/03/24|34783|143851
1049|MOVIL-VOZ|14/03/24|53630|197219
1002|MOVIL-VOZ|14/03/24|1107|3656
494|MOVIL-VOZ|15/03/24|2373|7058
696|MOVIL-VOZ|15/03/24|133|911
1001|MOVIL-VOZ|15/03/24|1817466|6108004
1059|MOVIL-VOZ|15/03/24|107315|407227
1011|FIJO-VOZ|15/03/24|25|76
1022|MOVIL-VOZ|15/03/24|36587|138598
1049|MOVIL-VOZ|15/03/24|57208|199719
1002|MOVIL-VOZ|15/03/24|1193|4320
494|MOVIL-VOZ|16/03/24|2078|5745
696|MOVIL-VOZ|16/03/24|90|479
1001|MOVIL-VOZ|16/03/24|1541610|4879752
1059|MOVIL-VOZ|16/03/24|93959|335075
1011|FIJO-VOZ|16/03/24|28|171
1022|MOVIL-VOZ|16/03/24|28107|98360
1049|MOVIL-VOZ|16/03/24|51398|166675
1002|MOVIL-VOZ|16/03/24|1020|3027
494|MOVIL-VOZ|17/03/24|1220|3648
696|MOVIL-VOZ|17/03/24|42|219
1001|MOVIL-VOZ|17/03/24|942767|3313571
1059|MOVIL-VOZ|17/03/24|61397|239031
1011|FIJO-VOZ|17/03/24|20|50
1022|MOVIL-VOZ|17/03/24|17083|66542
1049|MOVIL-VOZ|17/03/24|31959|117959
1002|MOVIL-VOZ|17/03/24|672|2335
494|MOVIL-VOZ|18/03/24|2517|8454
696|MOVIL-VOZ|18/03/24|175|894
1001|MOVIL-VOZ|18/03/24|1750948|6161126
1059|MOVIL-VOZ|18/03/24|103964|419046
1011|FIJO-VOZ|18/03/24|36|82
1022|MOVIL-VOZ|18/03/24|34090|139719
1049|MOVIL-VOZ|18/03/24|54332|201136
1002|MOVIL-VOZ|18/03/24|1038|3582
494|MOVIL-VOZ|19/03/24|2348|8211
696|MOVIL-VOZ|19/03/24|163|774
1001|MOVIL-VOZ|19/03/24|1756780|6091446
1059|MOVIL-VOZ|19/03/24|102331|408446
1011|FIJO-VOZ|19/03/24|25|117
1022|MOVIL-VOZ|19/03/24|34552|142137
1049|MOVIL-VOZ|19/03/24|54360|198725
1002|MOVIL-VOZ|19/03/24|1090|3803
494|MOVIL-VOZ|20/03/24|2392|8306
696|MOVIL-VOZ|20/03/24|163|821
1001|MOVIL-VOZ|20/03/24|1765581|6186353
1059|MOVIL-VOZ|20/03/24|104110|418640
1011|FIJO-VOZ|20/03/24|21|60
1022|MOVIL-VOZ|20/03/24|35354|144560
1049|MOVIL-VOZ|20/03/24|54802|203479
1002|MOVIL-VOZ|20/03/24|1016|3316
494|MOVIL-VOZ|21/03/24|2419|8083
696|MOVIL-VOZ|21/03/24|153|871
1001|MOVIL-VOZ|21/03/24|1754699|6125238
1059|MOVIL-VOZ|21/03/24|104196|410533
1011|FIJO-VOZ|21/03/24|39|94
1022|MOVIL-VOZ|21/03/24|35439|140046
1049|MOVIL-VOZ|21/03/24|55046|199963
1002|MOVIL-VOZ|21/03/24|1096|3912
494|MOVIL-VOZ|22/03/24|2510|7770
696|MOVIL-VOZ|22/03/24|145|976
1001|MOVIL-VOZ|22/03/24|1847401|6043349
1059|MOVIL-VOZ|22/03/24|108892|411916
1011|FIJO-VOZ|22/03/24|23|81
1022|MOVIL-VOZ|22/03/24|37314|137830
1049|MOVIL-VOZ|22/03/24|58582|199188
1002|MOVIL-VOZ|22/03/24|1234|3822
494|MOVIL-VOZ|23/03/24|1962|5865
696|MOVIL-VOZ|23/03/24|131|708
1001|MOVIL-VOZ|23/03/24|1558358|4896085
1002|MOVIL-VOZ|23/03/24|1018|3153
1011|FIJO-VOZ|23/03/24|16|25
1022|MOVIL-VOZ|23/03/24|27978|97320
1049|MOVIL-VOZ|23/03/24|50855|164720
1059|MOVIL-VOZ|23/03/24|93981|332463
1049|MOVIL-VOZ|24/03/24|33251|118574
1022|MOVIL-VOZ|24/03/24|17604|63447
1011|FIJO-VOZ|24/03/24|17|44
1002|MOVIL-VOZ|24/03/24|718|2460
1001|MOVIL-VOZ|24/03/24|998210|3385114
696|MOVIL-VOZ|24/03/24|41|151
494|MOVIL-VOZ|24/03/24|1315|4199
1059|MOVIL-VOZ|24/03/24|64639|247349
494|MOVIL-VOZ|25/03/24|1275|4128
696|MOVIL-VOZ|25/03/24|67|361
1001|MOVIL-VOZ|25/03/24|968697|3598275
1002|MOVIL-VOZ|25/03/24|726|2991
1011|FIJO-VOZ|25/03/24|20|37
1022|MOVIL-VOZ|25/03/24|16379|66663
1049|MOVIL-VOZ|25/03/24|31806|124460
1059|MOVIL-VOZ|25/03/24|61623|261685
1059|MOVIL-VOZ|26/03/24|96374|363329
1049|MOVIL-VOZ|26/03/24|51150|180236
1022|MOVIL-VOZ|26/03/24|30868|118793
1011|FIJO-VOZ|26/03/24|45|80
1002|MOVIL-VOZ|26/03/24|1050|3656
1001|MOVIL-VOZ|26/03/24|1633385|5439154
494|MOVIL-VOZ|26/03/24|2268|7058
696|MOVIL-VOZ|26/03/24|198|1112
1049|MOVIL-VOZ|27/03/24|53174|179139
1022|MOVIL-VOZ|27/03/24|31138|113587
1011|FIJO-VOZ|27/03/24|33|78
1002|MOVIL-VOZ|27/03/24|1115|3984
1001|MOVIL-VOZ|27/03/24|1671120|5368776
696|MOVIL-VOZ|27/03/24|198|1227
494|MOVIL-VOZ|27/03/24|2034|6125
1059|MOVIL-VOZ|27/03/24|98714|359700
1059|MOVIL-VOZ|28/03/24|60395|231133
494|MOVIL-VOZ|28/03/24|1232|4293
696|MOVIL-VOZ|28/03/24|51|302
1001|MOVIL-VOZ|28/03/24|982233|3361732
1002|MOVIL-VOZ|28/03/24|680|2155
1011|FIJO-VOZ|28/03/24|28|58
1049|MOVIL-VOZ|28/03/24|32724|118463
1022|MOVIL-VOZ|28/03/24|16246|59198
1059|MOVIL-VOZ|29/03/24|48760|198544
1049|MOVIL-VOZ|29/03/24|26515|100949
1022|MOVIL-VOZ|29/03/24|13016|52608
1011|FIJO-VOZ|29/03/24|16|40
1002|MOVIL-VOZ|29/03/24|578|2022
1001|MOVIL-VOZ|29/03/24|777190|2835998
494|MOVIL-VOZ|29/03/24|976|3347
696|MOVIL-VOZ|29/03/24|51|223
1059|MOVIL-VOZ|30/03/24|70054|248093
494|MOVIL-VOZ|30/03/24|1427|4338
696|MOVIL-VOZ|30/03/24|108|688
1001|MOVIL-VOZ|30/03/24|1139844|3630867
1002|MOVIL-VOZ|30/03/24|876|2790
1011|FIJO-VOZ|30/03/24|14|23
1022|MOVIL-VOZ|30/03/24|18618|66095
1049|MOVIL-VOZ|30/03/24|37649|126584
1059|MOVIL-VOZ|31/03/24|58338|238740
494|MOVIL-VOZ|31/03/24|1171|3589
696|MOVIL-VOZ|31/03/24|38|267
1001|MOVIL-VOZ|31/03/24|886187|3306936
1002|MOVIL-VOZ|31/03/24|594|2565
1011|FIJO-VOZ|31/03/24|18|30
1022|MOVIL-VOZ|31/03/24|15520|64594
1049|MOVIL-VOZ|31/03/24|30252|119449
494|MOVIL-VOZ|01/04/24|2299|8391
696|MOVIL-VOZ|01/04/24|214|1476
1001|MOVIL-VOZ|01/04/24|1726114|6085708
1002|MOVIL-VOZ|01/04/24|1061|4005
1011|FIJO-VOZ|01/04/24|29|145
1022|MOVIL-VOZ|01/04/24|33387|139304
1049|MOVIL-VOZ|01/04/24|53631|199693
1059|MOVIL-VOZ|01/04/24|101181|412048
1001|MOVIL-VOZ|02/04/24|1733876|6145730
696|MOVIL-VOZ|02/04/24|200|1064
494|MOVIL-VOZ|02/04/24|2262|8013
1002|MOVIL-VOZ|02/04/24|1072|3720
1059|MOVIL-VOZ|02/04/24|99841|405424
1049|MOVIL-VOZ|02/04/24|53706|198886
1022|MOVIL-VOZ|02/04/24|33460|136718
1011|FIJO-VOZ|02/04/24|25|87
494|MOVIL-VOZ|03/04/24|2385|8424
696|MOVIL-VOZ|03/04/24|172|925
1001|MOVIL-VOZ|03/04/24|1778398|6243905
1049|MOVIL-VOZ|03/04/24|55238|204396
1022|MOVIL-VOZ|03/04/24|35141|142273
1011|FIJO-VOZ|03/04/24|44|102
1002|MOVIL-VOZ|03/04/24|1089|3867
1059|MOVIL-VOZ|03/04/24|103157|416648
1001|MOVIL-VOZ|04/04/24|1719192|6099264
696|MOVIL-VOZ|04/04/24|172|869
494|MOVIL-VOZ|04/04/24|2336|8410
1002|MOVIL-VOZ|04/04/24|1099|3753
1059|MOVIL-VOZ|04/04/24|100442|409621
1049|MOVIL-VOZ|04/04/24|54263|200867
1022|MOVIL-VOZ|04/04/24|34030|139808
1011|FIJO-VOZ|04/04/24|26|108
1001|MOVIL-VOZ|05/04/24|1813755|6099434
696|MOVIL-VOZ|05/04/24|232|1059
494|MOVIL-VOZ|05/04/24|2439|8404
1002|MOVIL-VOZ|05/04/24|1100|3819
1011|FIJO-VOZ|05/04/24|29|106
1022|MOVIL-VOZ|05/04/24|36409|141089
1049|MOVIL-VOZ|05/04/24|57110|201265
1059|MOVIL-VOZ|05/04/24|106328|405857
1001|MOVIL-VOZ|06/04/24|1478494|4760466
696|MOVIL-VOZ|06/04/24|130|472
494|MOVIL-VOZ|06/04/24|1884|5652
1002|MOVIL-VOZ|06/04/24|965|3230
1059|MOVIL-VOZ|06/04/24|90331|321690
1049|MOVIL-VOZ|06/04/24|49026|161918
1022|MOVIL-VOZ|06/04/24|27220|95620
1011|FIJO-VOZ|06/04/24|29|114
494|MOVIL-VOZ|07/04/24|1258|4749
696|MOVIL-VOZ|07/04/24|50|236
1001|MOVIL-VOZ|07/04/24|949874|3515309
1002|MOVIL-VOZ|07/04/24|742|2568
1011|FIJO-VOZ|07/04/24|19|38
1022|MOVIL-VOZ|07/04/24|17235|67960
1049|MOVIL-VOZ|07/04/24|31777|122125
1059|MOVIL-VOZ|07/04/24|62174|253225
494|MOVIL-VOZ|08/04/24|2258|7622
696|MOVIL-VOZ|08/04/24|196|781
1001|MOVIL-VOZ|08/04/24|1696741|6026745
1002|MOVIL-VOZ|08/04/24|1038|4041
1011|FIJO-VOZ|08/04/24|37|137
1022|MOVIL-VOZ|08/04/24|32809|132920
1049|MOVIL-VOZ|08/04/24|51962|191724
1059|MOVIL-VOZ|08/04/24|98349|400500
1001|MOVIL-VOZ|09/04/24|1697878|6020861
696|MOVIL-VOZ|09/04/24|189|1054
494|MOVIL-VOZ|09/04/24|2397|7447
1002|MOVIL-VOZ|09/04/24|1065|3871
1011|FIJO-VOZ|09/04/24|36|89
1022|MOVIL-VOZ|09/04/24|33663|139194
1049|MOVIL-VOZ|09/04/24|52217|194830
1059|MOVIL-VOZ|09/04/24|99754|404281
1001|MOVIL-VOZ|10/04/24|1718430|6066652
696|MOVIL-VOZ|10/04/24|191|1020
494|MOVIL-VOZ|10/04/24|2349|7752
1002|MOVIL-VOZ|10/04/24|1060|3853
1059|MOVIL-VOZ|10/04/24|100279|403045
1049|MOVIL-VOZ|10/04/24|52960|196287
1022|MOVIL-VOZ|10/04/24|33831|135497
1011|FIJO-VOZ|10/04/24|40|78
494|MOVIL-VOZ|11/04/24|2215|7261
696|MOVIL-VOZ|11/04/24|159|793
1001|MOVIL-VOZ|11/04/24|1623604|5491229
1049|MOVIL-VOZ|11/04/24|49126|174159
1022|MOVIL-VOZ|11/04/24|31826|124285
1011|FIJO-VOZ|11/04/24|33|181
1002|MOVIL-VOZ|11/04/24|991|3506
1059|MOVIL-VOZ|11/04/24|94015|360365
