ID_DESTINO|TIPO_DESTINO|FECHA_TASADO|TOTAL_LLAMADAS|TOTAL_MINUTOS
2|FIJO-VOL|01/12/23|10287110|31081675
1011|FIJO-VOZ|01/12/23|68|157
1023|MOVIL-SMS|01/12/23|4882|29839
494|MOVIL-VOZ|01/12/23|999193|2984280
1001|MOVIL-VOZ|01/12/23|3400003|10639459
1060|MOVIL-VOZ|01/12/23|22212|68938
1022|MOVIL-VOZ|01/12/23|68844|242590
1040|MOVIL-SMS|01/12/23|18|74
1049|MOVIL-VOZ|01/12/23|100459|331751
1059|MOVIL-VOZ|01/12/23|215525|762408
1002|MOVIL-VOZ|01/12/23|2136|6218
2|FIJO-VOL|02/12/23|9019081|26375249
494|MOVIL-VOZ|02/12/23|908979|2597263
1011|FIJO-VOZ|02/12/23|76|302
1001|MOVIL-VOZ|02/12/23|3009626|9002795
1002|MOVIL-VOZ|02/12/23|1994|6168
1060|MOVIL-VOZ|02/12/23|19596|58688
1023|MOVIL-SMS|02/12/23|1934|7860
1040|MOVIL-SMS|02/12/23|1|1
1049|MOVIL-VOZ|02/12/23|90659|282081
1059|MOVIL-VOZ|02/12/23|190352|644216
1022|MOVIL-VOZ|02/12/23|55643|182788
2|FIJO-VOL|03/12/23|6239472|20646060
1011|FIJO-VOZ|03/12/23|34|119
1060|MOVIL-VOZ|03/12/23|13039|44520
494|MOVIL-VOZ|03/12/23|618817|1966879
1001|MOVIL-VOZ|03/12/23|2063155|6930829
1059|MOVIL-VOZ|03/12/23|133731|504314
1022|MOVIL-VOZ|03/12/23|36236|134983
1023|MOVIL-SMS|03/12/23|653|1715
1040|MOVIL-SMS|03/12/23|6|15
1049|MOVIL-VOZ|03/12/23|63201|225139
1002|MOVIL-VOZ|03/12/23|1394|5069
494|MOVIL-VOZ|04/12/23|973930|3111975
2|FIJO-VOL|04/12/23|10096609|32056226
1001|MOVIL-VOZ|04/12/23|3278567|10919827
1040|MOVIL-SMS|04/12/23|24|81
1059|MOVIL-VOZ|04/12/23|205916|779122
1060|MOVIL-VOZ|04/12/23|21933|73341
1011|FIJO-VOZ|04/12/23|64|264
1022|MOVIL-VOZ|04/12/23|63509|246978
1023|MOVIL-SMS|04/12/23|6570|33866
1049|MOVIL-VOZ|04/12/23|95596|339200
1002|MOVIL-VOZ|04/12/23|2106|6876
2|FIJO-VOL|05/12/23|10140665|32083150
1022|MOVIL-VOZ|05/12/23|68210|259415
1049|MOVIL-VOZ|05/12/23|99533|343157
494|MOVIL-VOZ|05/12/23|980191|3099687
1001|MOVIL-VOZ|05/12/23|3425004|11199844
1060|MOVIL-VOZ|05/12/23|22937|75025
1011|FIJO-VOZ|05/12/23|82|242
1023|MOVIL-SMS|05/12/23|5675|33022
1040|MOVIL-SMS|05/12/23|19|72
1059|MOVIL-VOZ|05/12/23|207514|781269
1002|MOVIL-VOZ|05/12/23|2101|6585
2|FIJO-VOL|06/12/23|10121324|31541962
1023|MOVIL-SMS|06/12/23|5163|28058
1049|MOVIL-VOZ|06/12/23|100201|340754
1059|MOVIL-VOZ|06/12/23|207555|768601
494|MOVIL-VOZ|06/12/23|972628|3032140
1060|MOVIL-VOZ|06/12/23|22720|70996
1002|MOVIL-VOZ|06/12/23|2088|7252
1011|FIJO-VOZ|06/12/23|83|176
1022|MOVIL-VOZ|06/12/23|67281|249560
1040|MOVIL-SMS|06/12/23|20|73
1001|MOVIL-VOZ|06/12/23|3428650|10989573
2|FIJO-VOL|07/12/23|10655574|30403945
494|MOVIL-VOZ|07/12/23|1052793|2963664
1023|MOVIL-SMS|07/12/23|4542|24164
1049|MOVIL-VOZ|07/12/23|107985|328602
1001|MOVIL-VOZ|07/12/23|3637062|10594126
1060|MOVIL-VOZ|07/12/23|23950|71184
1011|FIJO-VOZ|07/12/23|68|180
1022|MOVIL-VOZ|07/12/23|71756|235277
1040|MOVIL-SMS|07/12/23|11|19
1059|MOVIL-VOZ|07/12/23|224106|734937
1002|MOVIL-VOZ|07/12/23|2323|6846
494|MOVIL-VOZ|08/12/23|633495|2026082
2|FIJO-VOL|08/12/23|6527923|21515172
1023|MOVIL-SMS|08/12/23|1039|4834
1001|MOVIL-VOZ|08/12/23|2073726|6990868
1002|MOVIL-VOZ|08/12/23|1386|4829
1060|MOVIL-VOZ|08/12/23|13268|45141
1022|MOVIL-VOZ|08/12/23|36749|137341
1040|MOVIL-SMS|08/12/23|2|4
1049|MOVIL-VOZ|08/12/23|64338|228370
1059|MOVIL-VOZ|08/12/23|136006|517858
1011|FIJO-VOZ|08/12/23|45|121
2|FIJO-VOL|09/12/23|8141958|24449056
1001|MOVIL-VOZ|09/12/23|2690321|8296879
1002|MOVIL-VOZ|09/12/23|1817|5833
1022|MOVIL-VOZ|09/12/23|48122|158257
494|MOVIL-VOZ|09/12/23|806615|2391109
1060|MOVIL-VOZ|09/12/23|17819|54264
1023|MOVIL-SMS|09/12/23|1956|7537
1040|MOVIL-SMS|09/12/23|2|2
1049|MOVIL-VOZ|09/12/23|80917|259592
1059|MOVIL-VOZ|09/12/23|168119|582768
1011|FIJO-VOZ|09/12/23|51|134
2|FIJO-VOL|10/12/23|5785402|19798093
1002|MOVIL-VOZ|10/12/23|1364|4524
1011|FIJO-VOZ|10/12/23|28|60
494|MOVIL-VOZ|10/12/23|564491|1886079
1060|MOVIL-VOZ|10/12/23|11627|41454
1022|MOVIL-VOZ|10/12/23|32366|124120
1023|MOVIL-SMS|10/12/23|610|1853
1049|MOVIL-VOZ|10/12/23|57805|215185
1059|MOVIL-VOZ|10/12/23|122545|481308
1001|MOVIL-VOZ|10/12/23|1876858|6560099
2|FIJO-VOL|11/12/23|9759795|31391954
1002|MOVIL-VOZ|11/12/23|2031|6686
1022|MOVIL-VOZ|11/12/23|63671|253093
1060|MOVIL-VOZ|11/12/23|21739|73093
494|MOVIL-VOZ|11/12/23|935448|3027546
1059|MOVIL-VOZ|11/12/23|200069|775609
1011|FIJO-VOZ|11/12/23|59|173
1023|MOVIL-SMS|11/12/23|7640|36957
1040|MOVIL-SMS|11/12/23|2|4
1049|MOVIL-VOZ|11/12/23|94433|341130
1001|MOVIL-VOZ|11/12/23|3260747|11060338
2|FIJO-VOL|12/12/23|9589401|30885420
1040|MOVIL-SMS|12/12/23|2|2
1059|MOVIL-VOZ|12/12/23|197842|761507
494|MOVIL-VOZ|12/12/23|930391|3013577
1001|MOVIL-VOZ|12/12/23|3224969|10837849
1060|MOVIL-VOZ|12/12/23|21407|71168
1011|FIJO-VOZ|12/12/23|55|192
1022|MOVIL-VOZ|12/12/23|64479|250183
1023|MOVIL-SMS|12/12/23|6813|32366
1049|MOVIL-VOZ|12/12/23|94202|332594
1002|MOVIL-VOZ|12/12/23|1977|6320
494|MOVIL-VOZ|13/12/23|941259|3009766
2|FIJO-VOL|13/12/23|9658229|30849713
1001|MOVIL-VOZ|13/12/23|3263501|10796051
1011|FIJO-VOZ|13/12/23|66|172
1022|MOVIL-VOZ|13/12/23|65287|256586
1060|MOVIL-VOZ|13/12/23|21700|70630
1002|MOVIL-VOZ|13/12/23|1957|6250
1023|MOVIL-SMS|13/12/23|6493|32995
1040|MOVIL-SMS|13/12/23|5|5
1059|MOVIL-VOZ|13/12/23|197466|748924
1049|MOVIL-VOZ|13/12/23|96364|334114
2|FIJO-VOL|14/12/23|9636405|30742069
1002|MOVIL-VOZ|14/12/23|1921|6131
494|MOVIL-VOZ|14/12/23|943020|3039464
1001|MOVIL-VOZ|14/12/23|3254462|10877920
1011|FIJO-VOZ|14/12/23|65|337
1060|MOVIL-VOZ|14/12/23|21677|73255
1023|MOVIL-SMS|14/12/23|2871|16039
1040|MOVIL-SMS|14/12/23|16|48
1049|MOVIL-VOZ|14/12/23|95820|336199
1059|MOVIL-VOZ|14/12/23|199753|761907
1022|MOVIL-VOZ|14/12/23|65602|250123
494|MOVIL-VOZ|15/12/23|974337|2997048
2|FIJO-VOL|15/12/23|9821216|30075874
1049|MOVIL-VOZ|15/12/23|100770|331690
1060|MOVIL-VOZ|15/12/23|22370|70959
1001|MOVIL-VOZ|15/12/23|3367522|10665618
1059|MOVIL-VOZ|15/12/23|206372|747082
1011|FIJO-VOZ|15/12/23|58|188
1022|MOVIL-VOZ|15/12/23|67793|240322
1023|MOVIL-SMS|15/12/23|4641|24168
1040|MOVIL-SMS|15/12/23|23|47
1002|MOVIL-VOZ|15/12/23|2041|6504
1001|MOVIL-VOZ|16/12/23|3081880|9145476
2|FIJO-VOL|16/12/23|9011253|26115899
1022|MOVIL-VOZ|16/12/23|57277|185029
1040|MOVIL-SMS|16/12/23|4|9
1049|MOVIL-VOZ|16/12/23|93914|289814
1023|MOVIL-SMS|16/12/23|1988|7455
1060|MOVIL-VOZ|16/12/23|19672|58126
494|MOVIL-VOZ|16/12/23|932155|2646415
1002|MOVIL-VOZ|16/12/23|2009|5758
1011|FIJO-VOZ|16/12/23|65|173
1059|MOVIL-VOZ|16/12/23|191288|635915
2|FIJO-VOL|17/12/23|6387517|20571065
1022|MOVIL-VOZ|17/12/23|38784|138130
1049|MOVIL-VOZ|17/12/23|66921|232233
1059|MOVIL-VOZ|17/12/23|138984|508727
1060|MOVIL-VOZ|17/12/23|13128|42973
1040|MOVIL-SMS|17/12/23|1|3
1001|MOVIL-VOZ|17/12/23|2135145|7014645
1002|MOVIL-VOZ|17/12/23|1391|4406
1011|FIJO-VOZ|17/12/23|25|66
1023|MOVIL-SMS|17/12/23|591|1642
494|MOVIL-VOZ|17/12/23|657458|2032938
2|FIJO-VOL|18/12/23|9959509|31045017
1049|MOVIL-VOZ|18/12/23|99061|340438
494|MOVIL-VOZ|18/12/23|980117|3063545
1001|MOVIL-VOZ|18/12/23|3340616|10929227
1002|MOVIL-VOZ|18/12/23|2040|6314
1060|MOVIL-VOZ|18/12/23|22287|73786
1022|MOVIL-VOZ|18/12/23|65354|240784
1023|MOVIL-SMS|18/12/23|6386|31728
1040|MOVIL-SMS|18/12/23|17|37
1059|MOVIL-VOZ|18/12/23|205760|761685
1011|FIJO-VOZ|18/12/23|56|187
494|MOVIL-VOZ|19/12/23|954661|2984391
2|FIJO-VOL|19/12/23|9724380|30310088
1001|MOVIL-VOZ|19/12/23|3288032|10695112
1060|MOVIL-VOZ|19/12/23|21751|70366
1002|MOVIL-VOZ|19/12/23|2116|6965
1059|MOVIL-VOZ|19/12/23|201294|740821
1022|MOVIL-VOZ|19/12/23|65170|239223
1023|MOVIL-SMS|19/12/23|5188|23347
1040|MOVIL-SMS|19/12/23|33|100
1049|MOVIL-VOZ|19/12/23|96836|329099
1011|FIJO-VOZ|19/12/23|64|216
2|FIJO-VOL|20/12/23|9992548|30615946
1023|MOVIL-SMS|20/12/23|4564|22932
494|MOVIL-VOZ|20/12/23|980463|3017694
1001|MOVIL-VOZ|20/12/23|3380973|10823142
1002|MOVIL-VOZ|20/12/23|2154|6840
1060|MOVIL-VOZ|20/12/23|22339|72615
1022|MOVIL-VOZ|20/12/23|65787|237566
1040|MOVIL-SMS|20/12/23|22|83
1049|MOVIL-VOZ|20/12/23|100742|336851
1059|MOVIL-VOZ|20/12/23|207821|753604
1011|FIJO-VOZ|20/12/23|61|155
2|FIJO-VOL|21/12/23|10134328|30413429
1049|MOVIL-VOZ|21/12/23|103371|339401
1059|MOVIL-VOZ|21/12/23|209616|749592
494|MOVIL-VOZ|21/12/23|1002300|3022009
1001|MOVIL-VOZ|21/12/23|3450827|10778542
1060|MOVIL-VOZ|21/12/23|22705|70896
1011|FIJO-VOZ|21/12/23|66|184
1022|MOVIL-VOZ|21/12/23|66999|233300
1023|MOVIL-SMS|21/12/23|4130|20349
1040|MOVIL-SMS|21/12/23|16|69
1002|MOVIL-VOZ|21/12/23|2071|6504
2|FIJO-VOL|22/12/23|10384815|29787505
1001|MOVIL-VOZ|22/12/23|3558227|10566537
1040|MOVIL-SMS|22/12/23|27|78
1060|MOVIL-VOZ|22/12/23|23449|68271
494|MOVIL-VOZ|22/12/23|1039713|2970831
1059|MOVIL-VOZ|22/12/23|216829|725832
1011|FIJO-VOZ|22/12/23|80|244
1022|MOVIL-VOZ|22/12/23|67846|222876
1023|MOVIL-SMS|22/12/23|4266|19762
1049|MOVIL-VOZ|22/12/23|106204|327737
1002|MOVIL-VOZ|22/12/23|2155|6034
2|FIJO-VOL|23/12/23|9604275|26385319
494|MOVIL-VOZ|23/12/23|1001630|2702204
1001|MOVIL-VOZ|23/12/23|3300720|9299446
1002|MOVIL-VOZ|23/12/23|2187|6162
1060|MOVIL-VOZ|23/12/23|21168|60284
1022|MOVIL-VOZ|23/12/23|58057|180583
1023|MOVIL-SMS|23/12/23|1786|6846
1049|MOVIL-VOZ|23/12/23|99500|295921
1059|MOVIL-VOZ|23/12/23|201956|637071
1011|FIJO-VOZ|23/12/23|68|227
2|FIJO-VOL|24/12/23|8384218|23811333
1002|MOVIL-VOZ|24/12/23|1883|4764
1011|FIJO-VOZ|24/12/23|63|127
1023|MOVIL-SMS|24/12/23|724|2346
1049|MOVIL-VOZ|24/12/23|87033|259701
1059|MOVIL-VOZ|24/12/23|183122|585298
494|MOVIL-VOZ|24/12/23|881647|2364108
1001|MOVIL-VOZ|24/12/23|2837678|7993020
1022|MOVIL-VOZ|24/12/23|51467|162729
1040|MOVIL-SMS|24/12/23|4|6
1060|MOVIL-VOZ|24/12/23|17447|49944
2|FIJO-VOL|25/12/23|5107974|18057653
1011|FIJO-VOZ|25/12/23|33|107
494|MOVIL-VOZ|25/12/23|516166|1712116
1001|MOVIL-VOZ|25/12/23|1672228|5972845
1002|MOVIL-VOZ|25/12/23|1173|3846
1060|MOVIL-VOZ|25/12/23|10288|37791
1023|MOVIL-SMS|25/12/23|686|1989
1040|MOVIL-SMS|25/12/23|3|16
1049|MOVIL-VOZ|25/12/23|53822|201807
1059|MOVIL-VOZ|25/12/23|107714|450346
1022|MOVIL-VOZ|25/12/23|28390|111477
2|FIJO-VOL|26/12/23|8653200|27687176
494|MOVIL-VOZ|26/12/23|843555|2721576
1001|MOVIL-VOZ|26/12/23|2892129|9718500
1002|MOVIL-VOZ|26/12/23|1685|6291
1011|FIJO-VOZ|26/12/23|57|150
1060|MOVIL-VOZ|26/12/23|19039|62668
1023|MOVIL-SMS|26/12/23|4970|25530
1040|MOVIL-SMS|26/12/23|23|41
1049|MOVIL-VOZ|26/12/23|86083|305951
1059|MOVIL-VOZ|26/12/23|178308|685422
1022|MOVIL-VOZ|26/12/23|53908|206285
2|FIJO-VOL|27/12/23|9084793|28544967
1002|MOVIL-VOZ|27/12/23|1893|5559
1011|FIJO-VOZ|27/12/23|68|165
1022|MOVIL-VOZ|27/12/23|57423|218397
1060|MOVIL-VOZ|27/12/23|20319|67539
1059|MOVIL-VOZ|27/12/23|185872|702350
1001|MOVIL-VOZ|27/12/23|3042294|10007963
1023|MOVIL-SMS|27/12/23|4637|23206
1040|MOVIL-SMS|27/12/23|15|29
1049|MOVIL-VOZ|27/12/23|90648|311707
494|MOVIL-VOZ|27/12/23|885444|2814728
2|FIJO-VOL|28/12/23|9047071|28023621
1022|MOVIL-VOZ|28/12/23|57431|210632
1023|MOVIL-SMS|28/12/23|4093|19044
1040|MOVIL-SMS|28/12/23|18|52
494|MOVIL-VOZ|28/12/23|888660|2779291
1060|MOVIL-VOZ|28/12/23|19896|65787
1002|MOVIL-VOZ|28/12/23|1879|5836
1011|FIJO-VOZ|28/12/23|58|160
1049|MOVIL-VOZ|28/12/23|90495|305856
1059|MOVIL-VOZ|28/12/23|186482|691431
1001|MOVIL-VOZ|28/12/23|3055875|9894497
2|FIJO-VOL|29/12/23|9474788|27834576
1001|MOVIL-VOZ|29/12/23|3186531|9794688
1002|MOVIL-VOZ|29/12/23|2056|6119
1040|MOVIL-SMS|29/12/23|13|28
494|MOVIL-VOZ|29/12/23|941827|2801692
1011|FIJO-VOZ|29/12/23|74|233
1022|MOVIL-VOZ|29/12/23|57692|201752
1023|MOVIL-SMS|29/12/23|3815|17158
1049|MOVIL-VOZ|29/12/23|95022|311676
1059|MOVIL-VOZ|29/12/23|194456|682118
1060|MOVIL-VOZ|29/12/23|20798|64398
1001|MOVIL-VOZ|30/12/23|2937270|8557702
2|FIJO-VOL|30/12/23|8672623|24404488
1060|MOVIL-VOZ|30/12/23|18158|53143
1059|MOVIL-VOZ|30/12/23|176853|584453
1040|MOVIL-SMS|30/12/23|5|18
1011|FIJO-VOZ|30/12/23|51|128
494|MOVIL-VOZ|30/12/23|882212|2487705
1049|MOVIL-VOZ|30/12/23|88707|276277
1023|MOVIL-SMS|30/12/23|1446|6084
1022|MOVIL-VOZ|30/12/23|47164|155803
1002|MOVIL-VOZ|30/12/23|2001|5481
494|MOVIL-VOZ|31/12/23|824600|2289431
1023|MOVIL-SMS|31/12/23|756|2248
1059|MOVIL-VOZ|31/12/23|174704|582173
1011|FIJO-VOZ|31/12/23|44|97
1040|MOVIL-SMS|31/12/23|3|5
1060|MOVIL-VOZ|31/12/23|16886|53076
1022|MOVIL-VOZ|31/12/23|46080|153751
1002|MOVIL-VOZ|31/12/23|1862|5138
1001|MOVIL-VOZ|31/12/23|2714940|7914254
2|FIJO-VOL|31/12/23|8226300|23727319
1049|MOVIL-VOZ|31/12/23|83981|264623
1049|MOVIL-VOZ|01/01/24|54082|196894
1059|MOVIL-VOZ|01/01/24|107578|421034
1060|MOVIL-VOZ|01/01/24|10282|36489
1022|MOVIL-VOZ|01/01/24|27205|103277
2|FIJO-VOL|01/01/24|5195936|17288083
1002|MOVIL-VOZ|01/01/24|1205|4133
1011|FIJO-VOZ|01/01/24|28|98
494|MOVIL-VOZ|01/01/24|519296|1636644
1001|MOVIL-VOZ|01/01/24|1731899|5795000
1023|MOVIL-SMS|01/01/24|1017|3601
1049|MOVIL-VOZ|02/01/24|73851|271536
1022|MOVIL-VOZ|02/01/24|42360|167536
1023|MOVIL-SMS|02/01/24|4954|30576
1040|MOVIL-SMS|02/01/24|12|42
1002|MOVIL-VOZ|02/01/24|1504|5416
494|MOVIL-VOZ|02/01/24|702407|2335533
1059|MOVIL-VOZ|02/01/24|150567|588684
1060|MOVIL-VOZ|02/01/24|15416|54343
1001|MOVIL-VOZ|02/01/24|2405817|8394468
2|FIJO-VOL|02/01/24|7310868|23996842
1011|FIJO-VOZ|02/01/24|46|126
1049|MOVIL-VOZ|03/01/24|78412|284391
1059|MOVIL-VOZ|03/01/24|159637|627184
1022|MOVIL-VOZ|03/01/24|46033|185730
1040|MOVIL-SMS|03/01/24|28|115
1002|MOVIL-VOZ|03/01/24|1710|5580
1001|MOVIL-VOZ|03/01/24|2624700|9089339
1023|MOVIL-SMS|03/01/24|6786|35379
1060|MOVIL-VOZ|03/01/24|16974|58348
494|MOVIL-VOZ|03/01/24|768175|2548445
2|FIJO-VOL|03/01/24|7882197|25625950
1011|FIJO-VOZ|03/01/24|56|153
1049|MOVIL-VOZ|04/01/24|79835|286363
1059|MOVIL-VOZ|04/01/24|164481|644730
1022|MOVIL-VOZ|04/01/24|47926|191709
1023|MOVIL-SMS|04/01/24|6466|33798
1040|MOVIL-SMS|04/01/24|25|105
494|MOVIL-VOZ|04/01/24|787548|2596479
1011|FIJO-VOZ|04/01/24|44|81
1060|MOVIL-VOZ|04/01/24|17255|60110
1001|MOVIL-VOZ|04/01/24|2705570|9361148
2|FIJO-VOL|04/01/24|8084320|26236727
1002|MOVIL-VOZ|04/01/24|1687|5909
1049|MOVIL-VOZ|05/01/24|83186|293063
1060|MOVIL-VOZ|05/01/24|18218|61238
1023|MOVIL-SMS|05/01/24|6908|33326
1040|MOVIL-SMS|05/01/24|19|92
1002|MOVIL-VOZ|05/01/24|1709|6349
1022|MOVIL-VOZ|05/01/24|49242|188699
1059|MOVIL-VOZ|05/01/24|168413|645138
494|MOVIL-VOZ|05/01/24|808828|2613552
2|FIJO-VOL|05/01/24|8242583|26160708
1001|MOVIL-VOZ|05/01/24|2789434|9429446
1011|FIJO-VOZ|05/01/24|37|66
1049|MOVIL-VOZ|06/01/24|75895|259631
1059|MOVIL-VOZ|06/01/24|152989|546850
1060|MOVIL-VOZ|06/01/24|15584|51480
1022|MOVIL-VOZ|06/01/24|41186|146472
1023|MOVIL-SMS|06/01/24|2664|10997
1011|FIJO-VOZ|06/01/24|25|64
1040|MOVIL-SMS|06/01/24|3|12
494|MOVIL-VOZ|06/01/24|736107|2265744
1001|MOVIL-VOZ|06/01/24|2508726|8064133
2|FIJO-VOL|06/01/24|7386055|22460912
1002|MOVIL-VOZ|06/01/24|1797|5909
1060|MOVIL-VOZ|07/01/24|10648|35698
1049|MOVIL-VOZ|07/01/24|54670|197131
1059|MOVIL-VOZ|07/01/24|113785|422714
1022|MOVIL-VOZ|07/01/24|28603|108362
1040|MOVIL-SMS|07/01/24|1|1
1002|MOVIL-VOZ|07/01/24|1279|4342
1023|MOVIL-SMS|07/01/24|790|2740
494|MOVIL-VOZ|07/01/24|528924|1723038
1001|MOVIL-VOZ|07/01/24|1785176|6058285
2|FIJO-VOL|07/01/24|5410398|17620688
1011|FIJO-VOZ|07/01/24|20|47
1060|MOVIL-VOZ|08/01/24|10861|41984
1049|MOVIL-VOZ|08/01/24|53811|217856
1059|MOVIL-VOZ|08/01/24|110797|469671
1022|MOVIL-VOZ|08/01/24|28641|121981
1023|MOVIL-SMS|08/01/24|1151|5253
1002|MOVIL-VOZ|08/01/24|1241|4724
1011|FIJO-VOZ|08/01/24|40|68
494|MOVIL-VOZ|08/01/24|522585|1851070
1001|MOVIL-VOZ|08/01/24|1763503|6592864
2|FIJO-VOL|08/01/24|5412983|19319227
1040|MOVIL-SMS|08/01/24|2|9
1060|MOVIL-VOZ|09/01/24|18869|64954
1049|MOVIL-VOZ|09/01/24|85136|308509
1059|MOVIL-VOZ|09/01/24|174006|690294
1022|MOVIL-VOZ|09/01/24|53096|214376
1023|MOVIL-SMS|09/01/24|6723|39678
1001|MOVIL-VOZ|09/01/24|2885423|10140429
1002|MOVIL-VOZ|09/01/24|1891|6882
1011|FIJO-VOZ|09/01/24|44|131
494|MOVIL-VOZ|09/01/24|829037|2783083
2|FIJO-VOL|09/01/24|8536218|28289483
1040|MOVIL-SMS|09/01/24|31|123
1060|MOVIL-VOZ|10/01/24|18856|67426
1049|MOVIL-VOZ|10/01/24|84999|320601
1059|MOVIL-VOZ|10/01/24|163759|670477
1022|MOVIL-VOZ|10/01/24|53346|221224
1023|MOVIL-SMS|10/01/24|6548|39271
2|FIJO-VOL|10/01/24|8536782|28764634
1011|FIJO-VOZ|10/01/24|56|137
1040|MOVIL-SMS|10/01/24|22|131
1001|MOVIL-VOZ|10/01/24|2899782|10322827
494|MOVIL-VOZ|10/01/24|836529|2855512
1002|MOVIL-VOZ|10/01/24|1829|6466
1060|MOVIL-VOZ|11/01/24|18900|66888
1049|MOVIL-VOZ|11/01/24|85195|319944
1059|MOVIL-VOZ|11/01/24|164175|677116
1022|MOVIL-VOZ|11/01/24|54200|224694
1023|MOVIL-SMS|11/01/24|6354|36294
2|FIJO-VOL|11/01/24|8524435|28918738
1001|MOVIL-VOZ|11/01/24|2909915|10407953
1002|MOVIL-VOZ|11/01/24|1890|7186
1011|FIJO-VOZ|11/01/24|60|117
494|MOVIL-VOZ|11/01/24|829276|2852761
1040|MOVIL-SMS|11/01/24|22|77
1060|MOVIL-VOZ|12/01/24|18794|65440
1049|MOVIL-VOZ|12/01/24|85594|312274
1022|MOVIL-VOZ|12/01/24|54225|211389
1023|MOVIL-SMS|12/01/24|6379|35424
1040|MOVIL-SMS|12/01/24|25|70
1001|MOVIL-VOZ|12/01/24|2896820|10069083
1011|FIJO-VOZ|12/01/24|64|183
1059|MOVIL-VOZ|12/01/24|162630|650039
494|MOVIL-VOZ|12/01/24|828879|2764567
2|FIJO-VOL|12/01/24|8512997|28026278
1002|MOVIL-VOZ|12/01/24|1922|6876
1060|MOVIL-VOZ|13/01/24|16028|54239
1049|MOVIL-VOZ|13/01/24|76420|268951
1022|MOVIL-VOZ|13/01/24|44392|160032
1040|MOVIL-SMS|13/01/24|2|9
1001|MOVIL-VOZ|13/01/24|2533943|8373906
2|FIJO-VOL|13/01/24|7399570|23562112
1011|FIJO-VOZ|13/01/24|70|163
1023|MOVIL-SMS|13/01/24|2526|10503
1059|MOVIL-VOZ|13/01/24|144652|549579
494|MOVIL-VOZ|13/01/24|750189|2388970
1002|MOVIL-VOZ|13/01/24|1733|6658
1060|MOVIL-VOZ|14/01/24|10220|37500
1049|MOVIL-VOZ|14/01/24|54125|214960
1059|MOVIL-VOZ|14/01/24|105330|431242
1022|MOVIL-VOZ|14/01/24|29746|120896
1023|MOVIL-SMS|14/01/24|719|2511
2|FIJO-VOL|14/01/24|5308780|18781756
1001|MOVIL-VOZ|14/01/24|1740631|6400131
1002|MOVIL-VOZ|14/01/24|1181|4001
1011|FIJO-VOZ|14/01/24|22|75
494|MOVIL-VOZ|14/01/24|522931|1811879
1040|MOVIL-SMS|14/01/24|1|2
1060|MOVIL-VOZ|15/01/24|19390|69248
1049|MOVIL-VOZ|15/01/24|88208|326378
1059|MOVIL-VOZ|15/01/24|176801|718785
1022|MOVIL-VOZ|15/01/24|57215|236897
1002|MOVIL-VOZ|15/01/24|2060|7882
494|MOVIL-VOZ|15/01/24|869178|2936084
1023|MOVIL-SMS|15/01/24|6835|37911
1040|MOVIL-SMS|15/01/24|24|77
2|FIJO-VOL|15/01/24|8916102|29917428
1001|MOVIL-VOZ|15/01/24|3015713|10669843
1011|FIJO-VOZ|15/01/24|56|129
1049|MOVIL-VOZ|16/01/24|86988|321474
1059|MOVIL-VOZ|16/01/24|177325|718601
1022|MOVIL-VOZ|16/01/24|57297|235555
1023|MOVIL-SMS|16/01/24|5909|33387
1040|MOVIL-SMS|16/01/24|31|135
1011|FIJO-VOZ|16/01/24|49|240
1002|MOVIL-VOZ|16/01/24|1910|6550
1060|MOVIL-VOZ|16/01/24|19173|68766
494|MOVIL-VOZ|16/01/24|860406|2905475
2|FIJO-VOL|16/01/24|8744208|29449361
1001|MOVIL-VOZ|16/01/24|2993866|10601426
1060|MOVIL-VOZ|17/01/24|19512|70064
1040|MOVIL-SMS|17/01/24|20|91
1049|MOVIL-VOZ|17/01/24|88548|330852
1059|MOVIL-VOZ|17/01/24|177570|725842
1022|MOVIL-VOZ|17/01/24|57374|236858
2|FIJO-VOL|17/01/24|8761282|29383223
1001|MOVIL-VOZ|17/01/24|3015998|10686107
1002|MOVIL-VOZ|17/01/24|1953|6934
1011|FIJO-VOZ|17/01/24|57|197
494|MOVIL-VOZ|17/01/24|863640|2920328
1023|MOVIL-SMS|17/01/24|6032|33772
1060|MOVIL-VOZ|18/01/24|19210|66531
1040|MOVIL-SMS|18/01/24|23|39
1049|MOVIL-VOZ|18/01/24|87728|322045
1059|MOVIL-VOZ|18/01/24|176593|711228
1023|MOVIL-SMS|18/01/24|5874|32281
1001|MOVIL-VOZ|18/01/24|2992203|10478016
1011|FIJO-VOZ|18/01/24|52|163
1022|MOVIL-VOZ|18/01/24|57037|228082
2|FIJO-VOL|18/01/24|8637672|28924615
494|MOVIL-VOZ|18/01/24|860653|2876092
1002|MOVIL-VOZ|18/01/24|1934|6375
1060|MOVIL-VOZ|19/01/24|19996|66605
1001|MOVIL-VOZ|19/01/24|3090674|10593084
1002|MOVIL-VOZ|19/01/24|1990|6893
1011|FIJO-VOZ|19/01/24|60|125
1022|MOVIL-VOZ|19/01/24|59649|231260
494|MOVIL-VOZ|19/01/24|880120|2900629
1040|MOVIL-SMS|19/01/24|20|68
1049|MOVIL-VOZ|19/01/24|92766|334567
1059|MOVIL-VOZ|19/01/24|184229|713270
2|FIJO-VOL|19/01/24|9032532|29456101
1023|MOVIL-SMS|19/01/24|5783|31412
1040|MOVIL-SMS|20/01/24|5|24
1002|MOVIL-VOZ|20/01/24|1832|5960
1011|FIJO-VOZ|20/01/24|53|128
1022|MOVIL-VOZ|20/01/24|46306|165660
1023|MOVIL-SMS|20/01/24|2074|7886
2|FIJO-VOL|20/01/24|7701349|24305244
1059|MOVIL-VOZ|20/01/24|158248|581283
1060|MOVIL-VOZ|20/01/24|16648|54575
494|MOVIL-VOZ|20/01/24|779965|2434251
1001|MOVIL-VOZ|20/01/24|2628303|8552749
1049|MOVIL-VOZ|20/01/24|79621|275075
1040|MOVIL-SMS|21/01/24|2|4
1049|MOVIL-VOZ|21/01/24|55231|211744
1059|MOVIL-VOZ|21/01/24|113420|459464
1022|MOVIL-VOZ|21/01/24|30810|121998
1023|MOVIL-SMS|21/01/24|504|1449
2|FIJO-VOL|21/01/24|5380951|18899423
1002|MOVIL-VOZ|21/01/24|1370|5017
1011|FIJO-VOZ|21/01/24|24|89
1060|MOVIL-VOZ|21/01/24|10625|39602
494|MOVIL-VOZ|21/01/24|534739|1839123
1001|MOVIL-VOZ|21/01/24|1780545|6453937
1060|MOVIL-VOZ|22/01/24|19637|70362
1040|MOVIL-SMS|22/01/24|18|58
1022|MOVIL-VOZ|22/01/24|58405|234177
1023|MOVIL-SMS|22/01/24|7092|34228
1002|MOVIL-VOZ|22/01/24|2053|6847
1011|FIJO-VOZ|22/01/24|63|165
1059|MOVIL-VOZ|22/01/24|181536|730410
494|MOVIL-VOZ|22/01/24|876339|2953174
1001|MOVIL-VOZ|22/01/24|3040499|10704778
2|FIJO-VOL|22/01/24|8974888|30144897
1049|MOVIL-VOZ|22/01/24|89595|333846
1060|MOVIL-VOZ|23/01/24|19209|67668
1040|MOVIL-SMS|23/01/24|23|68
1059|MOVIL-VOZ|23/01/24|175075|715209
1022|MOVIL-VOZ|23/01/24|57726|234030
1023|MOVIL-SMS|23/01/24|6832|31070
1001|MOVIL-VOZ|23/01/24|2973920|10588172
1011|FIJO-VOZ|23/01/24|50|219
1049|MOVIL-VOZ|23/01/24|87559|333164
2|FIJO-VOL|23/01/24|8714007|29616091
494|MOVIL-VOZ|23/01/24|856266|2920437
1002|MOVIL-VOZ|23/01/24|1955|6947
1060|MOVIL-VOZ|24/01/24|19044|67609
1049|MOVIL-VOZ|24/01/24|88824|333160
1059|MOVIL-VOZ|24/01/24|176723|716820
1022|MOVIL-VOZ|24/01/24|58883|237825
1023|MOVIL-SMS|24/01/24|6596|28082
1001|MOVIL-VOZ|24/01/24|2980134|10625080
1011|FIJO-VOZ|24/01/24|50|164
1040|MOVIL-SMS|24/01/24|17|54
494|MOVIL-VOZ|24/01/24|852461|2913567
2|FIJO-VOL|24/01/24|8758609|29648251
1002|MOVIL-VOZ|24/01/24|1971|6467
1040|MOVIL-SMS|25/01/24|16|65
1049|MOVIL-VOZ|25/01/24|86606|328270
1023|MOVIL-SMS|25/01/24|6319|27927
1001|MOVIL-VOZ|25/01/24|2912424|10413887
1002|MOVIL-VOZ|25/01/24|1879|6751
1022|MOVIL-VOZ|25/01/24|58518|237902
1060|MOVIL-VOZ|25/01/24|18766|66349
494|MOVIL-VOZ|25/01/24|835210|2852960
2|FIJO-VOL|25/01/24|8562595|29104933
1011|FIJO-VOZ|25/01/24|64|248
1059|MOVIL-VOZ|25/01/24|173532|713741
1060|MOVIL-VOZ|26/01/24|19621|65961
1040|MOVIL-SMS|26/01/24|25|127
1049|MOVIL-VOZ|26/01/24|90331|320928
1059|MOVIL-VOZ|26/01/24|179835|698342
1022|MOVIL-VOZ|26/01/24|59688|227613
2|FIJO-VOL|26/01/24|8902177|28966549
1001|MOVIL-VOZ|26/01/24|3053466|10415036
1002|MOVIL-VOZ|26/01/24|1996|6389
1011|FIJO-VOZ|26/01/24|51|256
494|MOVIL-VOZ|26/01/24|871130|2870557
1023|MOVIL-SMS|26/01/24|5916|25460
1040|MOVIL-SMS|27/01/24|1|1
1049|MOVIL-VOZ|27/01/24|79711|269408
1059|MOVIL-VOZ|27/01/24|159784|578446
1023|MOVIL-SMS|27/01/24|2054|7003
1001|MOVIL-VOZ|27/01/24|2647225|8586277
1022|MOVIL-VOZ|27/01/24|47232|165521
1060|MOVIL-VOZ|27/01/24|16774|54512
494|MOVIL-VOZ|27/01/24|786415|2438448
2|FIJO-VOL|27/01/24|7708172|24072383
1002|MOVIL-VOZ|27/01/24|1881|5796
1011|FIJO-VOZ|27/01/24|38|125
1060|MOVIL-VOZ|28/01/24|10584|36780
1040|MOVIL-SMS|28/01/24|1|1
1059|MOVIL-VOZ|28/01/24|112586|450105
1011|FIJO-VOZ|28/01/24|26|77
1022|MOVIL-VOZ|28/01/24|30872|121857
2|FIJO-VOL|28/01/24|5359749|18813643
1001|MOVIL-VOZ|28/01/24|1769148|6468554
1002|MOVIL-VOZ|28/01/24|1339|4868
1049|MOVIL-VOZ|28/01/24|54539|207867
494|MOVIL-VOZ|28/01/24|534524|1828392
1023|MOVIL-SMS|28/01/24|537|1441
1060|MOVIL-VOZ|29/01/24|19357|68522
1040|MOVIL-SMS|29/01/24|17|44
1049|MOVIL-VOZ|29/01/24|87726|332637
1059|MOVIL-VOZ|29/01/24|178981|732227
1022|MOVIL-VOZ|29/01/24|58490|240431
1011|FIJO-VOZ|29/01/24|34|82
1001|MOVIL-VOZ|29/01/24|2983245|10647467
1002|MOVIL-VOZ|29/01/24|1973|7802
494|MOVIL-VOZ|29/01/24|850036|2903638
2|FIJO-VOL|29/01/24|8515775|28770408
1023|MOVIL-SMS|29/01/24|7750|30899
1060|MOVIL-VOZ|30/01/24|19249|67584
1040|MOVIL-SMS|30/01/24|24|76
1049|MOVIL-VOZ|30/01/24|88914|327313
1011|FIJO-VOZ|30/01/24|49|104
1022|MOVIL-VOZ|30/01/24|60191|245601
1002|MOVIL-VOZ|30/01/24|2035|7318
1001|MOVIL-VOZ|30/01/24|3029311|10733037
1059|MOVIL-VOZ|30/01/24|178659|726097
494|MOVIL-VOZ|30/01/24|862176|2928100
2|FIJO-VOL|30/01/24|8903196|29940870
1023|MOVIL-SMS|30/01/24|7257|30155
1060|MOVIL-VOZ|31/01/24|19929|70328
1040|MOVIL-SMS|31/01/24|20|47
1049|MOVIL-VOZ|31/01/24|92074|336079
1059|MOVIL-VOZ|31/01/24|183149|726803
1011|FIJO-VOZ|31/01/24|59|168
2|FIJO-VOL|31/01/24|9110656|29878150
1001|MOVIL-VOZ|31/01/24|3128727|10895665
1002|MOVIL-VOZ|31/01/24|2055|7294
1023|MOVIL-SMS|31/01/24|6648|29523
494|MOVIL-VOZ|31/01/24|892240|2980891
1022|MOVIL-VOZ|31/01/24|60669|243711
1059|MOVIL-VOZ|01/02/24|176840|716653
1060|MOVIL-VOZ|01/02/24|19317|68627
1023|MOVIL-SMS|01/02/24|6417|29287
1001|MOVIL-VOZ|01/02/24|3083525|10808558
1011|FIJO-VOZ|01/02/24|138|536
1002|MOVIL-VOZ|01/02/24|2030|6439
1040|MOVIL-SMS|01/02/24|21|77
1049|MOVIL-VOZ|01/02/24|90571|333684
494|MOVIL-VOZ|01/02/24|868907|2927855
2|FIJO-VOL|01/02/24|8954548|29521430
1022|MOVIL-VOZ|01/02/24|56955|239570
1059|MOVIL-VOZ|02/02/24|187926|721445
1060|MOVIL-VOZ|02/02/24|20230|67675
1023|MOVIL-SMS|02/02/24|5937|25530
1040|MOVIL-SMS|02/02/24|18|45
1049|MOVIL-VOZ|02/02/24|97671|340444
2|FIJO-VOL|02/02/24|9264460|29275008
1002|MOVIL-VOZ|02/02/24|2149|6786
1011|FIJO-VOZ|02/02/24|112|386
1022|MOVIL-VOZ|02/02/24|63034|239985
494|MOVIL-VOZ|02/02/24|909746|2955479
1001|MOVIL-VOZ|02/02/24|3188299|10636248
1059|MOVIL-VOZ|03/02/24|165954|591647
1060|MOVIL-VOZ|03/02/24|16932|53896
1040|MOVIL-SMS|03/02/24|2|8
1049|MOVIL-VOZ|03/02/24|84761|281764
1001|MOVIL-VOZ|03/02/24|2760170|8721713
1002|MOVIL-VOZ|03/02/24|2018|6065
1022|MOVIL-VOZ|03/02/24|50183|174754
1023|MOVIL-SMS|03/02/24|2211|7761
494|MOVIL-VOZ|03/02/24|823112|2503324
2|FIJO-VOL|03/02/24|8143863|24675171
1011|FIJO-VOZ|03/02/24|104|302
1060|MOVIL-VOZ|04/02/24|10445|38756
1023|MOVIL-SMS|04/02/24|579|1479
1049|MOVIL-VOZ|04/02/24|56567|217862
1001|MOVIL-VOZ|04/02/24|1829687|6507726
1002|MOVIL-VOZ|04/02/24|1395|4712
1022|MOVIL-VOZ|04/02/24|31440|124940
1059|MOVIL-VOZ|04/02/24|115204|461614
494|MOVIL-VOZ|04/02/24|552828|1871778
2|FIJO-VOL|04/02/24|5610990|19113152
1011|FIJO-VOZ|04/02/24|96|244
1059|MOVIL-VOZ|05/02/24|180336|726839
1023|MOVIL-SMS|05/02/24|6935|33316
1040|MOVIL-SMS|05/02/24|11|26
1049|MOVIL-VOZ|05/02/24|91814|336136
1011|FIJO-VOZ|05/02/24|126|484
1002|MOVIL-VOZ|05/02/24|2025|6930
1060|MOVIL-VOZ|05/02/24|19434|68536
494|MOVIL-VOZ|05/02/24|886698|2953420
2|FIJO-VOL|05/02/24|9212726|30070335
1001|MOVIL-VOZ|05/02/24|3085516|10791296
1022|MOVIL-VOZ|05/02/24|59455|240859
1059|MOVIL-VOZ|06/02/24|177514|718008
1060|MOVIL-VOZ|06/02/24|19379|68543
1022|MOVIL-VOZ|06/02/24|59527|240958
1023|MOVIL-SMS|06/02/24|7259|32272
1040|MOVIL-SMS|06/02/24|25|55
2|FIJO-VOL|06/02/24|8897052|29961875
1001|MOVIL-VOZ|06/02/24|3055129|10795715
1002|MOVIL-VOZ|06/02/24|2034|6219
1011|FIJO-VOZ|06/02/24|130|316
494|MOVIL-VOZ|06/02/24|878042|2961064
1049|MOVIL-VOZ|06/02/24|89808|332149
1059|MOVIL-VOZ|07/02/24|176185|721487
1022|MOVIL-VOZ|07/02/24|58943|243456
1040|MOVIL-SMS|07/02/24|13|32
1049|MOVIL-VOZ|07/02/24|88556|329367
1001|MOVIL-VOZ|07/02/24|3001155|10652288
1002|MOVIL-VOZ|07/02/24|1994|6936
1023|MOVIL-SMS|07/02/24|6600|29889
1060|MOVIL-VOZ|07/02/24|19270|68040
494|MOVIL-VOZ|07/02/24|858727|2897000
2|FIJO-VOL|07/02/24|8751287|29477655
1011|FIJO-VOZ|07/02/24|110|330
1059|MOVIL-VOZ|08/02/24|174574|713734
1022|MOVIL-VOZ|08/02/24|59409|242807
1023|MOVIL-SMS|08/02/24|6107|28038
1040|MOVIL-SMS|08/02/24|13|37
1049|MOVIL-VOZ|08/02/24|88213|328761
2|FIJO-VOL|08/02/24|8689342|29382510
1002|MOVIL-VOZ|08/02/24|1997|6943
1011|FIJO-VOZ|08/02/24|98|246
1060|MOVIL-VOZ|08/02/24|19157|68622
494|MOVIL-VOZ|08/02/24|854609|2886744
1001|MOVIL-VOZ|08/02/24|3010727|10602951
1022|MOVIL-VOZ|09/02/24|61790|240449
1023|MOVIL-SMS|09/02/24|5806|28880
1040|MOVIL-SMS|09/02/24|24|75
1049|MOVIL-VOZ|09/02/24|92952|328630
1002|MOVIL-VOZ|09/02/24|2171|6603
1001|MOVIL-VOZ|09/02/24|3146861|10566533
1059|MOVIL-VOZ|09/02/24|182101|711447
1060|MOVIL-VOZ|09/02/24|19909|66195
494|MOVIL-VOZ|09/02/24|894686|2916235
2|FIJO-VOL|09/02/24|8903140|28928707
1011|FIJO-VOZ|09/02/24|118|244
1060|MOVIL-VOZ|10/02/24|16691|52776
1022|MOVIL-VOZ|10/02/24|48905|170324
1023|MOVIL-SMS|10/02/24|1998|7752
1040|MOVIL-SMS|10/02/24|2|2
1011|FIJO-VOZ|10/02/24|92|274
1002|MOVIL-VOZ|10/02/24|1955|6739
1059|MOVIL-VOZ|10/02/24|159170|575924
494|MOVIL-VOZ|10/02/24|793596|2433060
2|FIJO-VOL|10/02/24|7744882|24128909
1001|MOVIL-VOZ|10/02/24|2652441|8433294
1049|MOVIL-VOZ|10/02/24|80989|273832
1059|MOVIL-VOZ|11/02/24|111570|450917
1022|MOVIL-VOZ|11/02/24|31252|124925
1023|MOVIL-SMS|11/02/24|553|1497
1001|MOVIL-VOZ|11/02/24|1773616|6283831
1011|FIJO-VOZ|11/02/24|38|206
1049|MOVIL-VOZ|11/02/24|55249|212610
1060|MOVIL-VOZ|11/02/24|10451|38980
494|MOVIL-VOZ|11/02/24|540280|1834478
2|FIJO-VOL|11/02/24|5350843|18755701
1002|MOVIL-VOZ|11/02/24|1310|4551
1059|MOVIL-VOZ|12/02/24|173855|712567
1060|MOVIL-VOZ|12/02/24|18644|67922
1022|MOVIL-VOZ|12/02/24|57391|235074
1023|MOVIL-SMS|12/02/24|7021|32691
2|FIJO-VOL|12/02/24|8572446|29042850
1001|MOVIL-VOZ|12/02/24|2802062|10001736
1002|MOVIL-VOZ|12/02/24|1816|6921
1011|FIJO-VOZ|12/02/24|102|342
494|MOVIL-VOZ|12/02/24|829210|2822861
1049|MOVIL-VOZ|12/02/24|85269|322804
1060|MOVIL-VOZ|13/02/24|18881|66501
1022|MOVIL-VOZ|13/02/24|57020|234639
1023|MOVIL-SMS|13/02/24|7142|31345
1001|MOVIL-VOZ|13/02/24|2821172|10172490
2|FIJO-VOL|13/02/24|8555837|29094601
1011|FIJO-VOZ|13/02/24|100|272
1049|MOVIL-VOZ|13/02/24|86400|322760
1059|MOVIL-VOZ|13/02/24|173504|714898
494|MOVIL-VOZ|13/02/24|833397|2850858
1002|MOVIL-VOZ|13/02/24|1874|6574
1059|MOVIL-VOZ|14/02/24|174715|704892
1022|MOVIL-VOZ|14/02/24|58560|236855
1049|MOVIL-VOZ|14/02/24|89543|325238
1001|MOVIL-VOZ|14/02/24|3000766|10549706
2|FIJO-VOL|14/02/24|8726890|29101952
1011|FIJO-VOZ|14/02/24|108|248
1023|MOVIL-SMS|14/02/24|6756|28332
1060|MOVIL-VOZ|14/02/24|18884|65095
494|MOVIL-VOZ|14/02/24|860731|2890052
1002|MOVIL-VOZ|14/02/24|1892|6659
1059|MOVIL-VOZ|15/02/24|176901|729230
1060|MOVIL-VOZ|15/02/24|19071|67080
1022|MOVIL-VOZ|15/02/24|58313|235926
1023|MOVIL-SMS|15/02/24|6155|29929
2|FIJO-VOL|15/02/24|8805707|29856511
1001|MOVIL-VOZ|15/02/24|3041138|10713178
1002|MOVIL-VOZ|15/02/24|2108|6684
1011|FIJO-VOZ|15/02/24|110|362
494|MOVIL-VOZ|15/02/24|871608|2961701
1049|MOVIL-VOZ|15/02/24|89892|330723
1060|MOVIL-VOZ|16/02/24|19885|66748
1022|MOVIL-VOZ|16/02/24|61179|237265
1040|MOVIL-SMS|16/02/24|1|1
1049|MOVIL-VOZ|16/02/24|93447|327143
1001|MOVIL-VOZ|16/02/24|3133308|10592360
1002|MOVIL-VOZ|16/02/24|2120|6774
1023|MOVIL-SMS|16/02/24|6002|28643
1059|MOVIL-VOZ|16/02/24|182412|707471
494|MOVIL-VOZ|16/02/24|899145|2926920
2|FIJO-VOL|16/02/24|8974534|29225992
1011|FIJO-VOZ|16/02/24|116|248
1060|MOVIL-VOZ|17/02/24|16651|52799
1022|MOVIL-VOZ|17/02/24|48306|172227
1023|MOVIL-SMS|17/02/24|2234|8968
1049|MOVIL-VOZ|17/02/24|84008|285070
2|FIJO-VOL|17/02/24|7786426|24223767
1002|MOVIL-VOZ|17/02/24|1883|5869
1011|FIJO-VOZ|17/02/24|82|220
1059|MOVIL-VOZ|17/02/24|160762|577010
494|MOVIL-VOZ|17/02/24|811500|2488229
1001|MOVIL-VOZ|17/02/24|2695690|8654517
1059|MOVIL-VOZ|18/02/24|112117|453963
1060|MOVIL-VOZ|18/02/24|10452|37730
1023|MOVIL-SMS|18/02/24|604|1558
1049|MOVIL-VOZ|18/02/24|55574|211647
1001|MOVIL-VOZ|18/02/24|1796498|6450200
1011|FIJO-VOZ|18/02/24|44|58
1022|MOVIL-VOZ|18/02/24|30844|124535
494|MOVIL-VOZ|18/02/24|545701|1864065
2|FIJO-VOL|18/02/24|5351691|18869080
1002|MOVIL-VOZ|18/02/24|1372|4938
1059|MOVIL-VOZ|19/02/24|175977|720106
1060|MOVIL-VOZ|19/02/24|19141|68780
1022|MOVIL-VOZ|19/02/24|57994|239335
1023|MOVIL-SMS|19/02/24|7095|34833
1040|MOVIL-SMS|19/02/24|1|1
2|FIJO-VOL|19/02/24|8790913|29809146
1001|MOVIL-VOZ|19/02/24|3016555|10702001
1002|MOVIL-VOZ|19/02/24|1917|6457
1011|FIJO-VOZ|19/02/24|116|498
494|MOVIL-VOZ|19/02/24|874855|2973319
1049|MOVIL-VOZ|19/02/24|88751|333775
1059|MOVIL-VOZ|20/02/24|173016|711500
1060|MOVIL-VOZ|20/02/24|18893|67851
1023|MOVIL-SMS|20/02/24|6724|32637
1049|MOVIL-VOZ|20/02/24|86845|328597
1011|FIJO-VOZ|20/02/24|108|236
1022|MOVIL-VOZ|20/02/24|58144|239717
494|MOVIL-VOZ|20/02/24|851351|2903241
2|FIJO-VOL|20/02/24|8630403|29197592
1001|MOVIL-VOZ|20/02/24|2964926|10489413
1002|MOVIL-VOZ|20/02/24|1874|6238
1059|MOVIL-VOZ|21/02/24|172002|702706
1022|MOVIL-VOZ|21/02/24|58028|236994
1023|MOVIL-SMS|21/02/24|6425|30306
1049|MOVIL-VOZ|21/02/24|87065|322579
1011|FIJO-VOZ|21/02/24|128|290
494|MOVIL-VOZ|21/02/24|849445|2902901
1001|MOVIL-VOZ|21/02/24|2950908|10496336
2|FIJO-VOL|21/02/24|8550558|29091076
1002|MOVIL-VOZ|21/02/24|1907|6850
1060|MOVIL-VOZ|21/02/24|18384|66170
1049|MOVIL-VOZ|22/02/24|86736|326743
1060|MOVIL-VOZ|22/02/24|18652|67067
1022|MOVIL-VOZ|22/02/24|57380|234842
1001|MOVIL-VOZ|22/02/24|2916046|10421460
2|FIJO-VOL|22/02/24|8449353|28878346
1011|FIJO-VOZ|22/02/24|74|180
1023|MOVIL-SMS|22/02/24|5803|29800
1059|MOVIL-VOZ|22/02/24|170366|706092
494|MOVIL-VOZ|22/02/24|835771|2842693
1002|MOVIL-VOZ|22/02/24|1876|6520
1060|MOVIL-VOZ|23/02/24|19119|65234
1023|MOVIL-SMS|23/02/24|5851|27826
1001|MOVIL-VOZ|23/02/24|3044212|10387032
1002|MOVIL-VOZ|23/02/24|2006|6715
2|FIJO-VOL|23/02/24|8877525|28905947
1022|MOVIL-VOZ|23/02/24|59762|229971
1049|MOVIL-VOZ|23/02/24|91742|325912
1059|MOVIL-VOZ|23/02/24|179055|699414
494|MOVIL-VOZ|23/02/24|879444|2884203
1011|FIJO-VOZ|23/02/24|102|266
1049|MOVIL-VOZ|24/02/24|81914|274874
1059|MOVIL-VOZ|24/02/24|157511|574112
1060|MOVIL-VOZ|24/02/24|16221|53019
1022|MOVIL-VOZ|24/02/24|47805|168027
1011|FIJO-VOZ|24/02/24|86|484
1002|MOVIL-VOZ|24/02/24|1768|5334
1023|MOVIL-SMS|24/02/24|2026|7719
2|FIJO-VOL|24/02/24|7668544|23870642
494|MOVIL-VOZ|24/02/24|786147|2439846
1001|MOVIL-VOZ|24/02/24|2610959|8459815
1049|MOVIL-VOZ|25/02/24|54660|210734
1059|MOVIL-VOZ|25/02/24|108517|451155
1023|MOVIL-SMS|25/02/24|653|1980
1001|MOVIL-VOZ|25/02/24|1715884|6298041
2|FIJO-VOL|25/02/24|5211039|18355850
1011|FIJO-VOZ|25/02/24|70|332
1022|MOVIL-VOZ|25/02/24|30040|120804
1060|MOVIL-VOZ|25/02/24|10180|38824
494|MOVIL-VOZ|25/02/24|520954|1810203
1002|MOVIL-VOZ|25/02/24|1239|4205
1049|MOVIL-VOZ|26/02/24|85814|319896
1060|MOVIL-VOZ|26/02/24|18094|64562
1023|MOVIL-SMS|26/02/24|6711|31729
1011|FIJO-VOZ|26/02/24|126|510
1002|MOVIL-VOZ|26/02/24|1862|6653
1059|MOVIL-VOZ|26/02/24|170425|704387
2|FIJO-VOL|26/02/24|8544575|28858315
494|MOVIL-VOZ|26/02/24|833393|2847887
1001|MOVIL-VOZ|26/02/24|2909501|10374269
1022|MOVIL-VOZ|26/02/24|56098|234983
1049|MOVIL-VOZ|27/02/24|86435|327412
1011|FIJO-VOZ|27/02/24|126|574
1022|MOVIL-VOZ|27/02/24|57265|234321
1023|MOVIL-SMS|27/02/24|6475|29462
1002|MOVIL-VOZ|27/02/24|1979|6100
1060|MOVIL-VOZ|27/02/24|18620|65935
494|MOVIL-VOZ|27/02/24|837268|2857335
2|FIJO-VOL|27/02/24|8480667|28823936
1001|MOVIL-VOZ|27/02/24|2934763|10466105
1059|MOVIL-VOZ|27/02/24|170592|695716
1049|MOVIL-VOZ|28/02/24|85999|322617
1059|MOVIL-VOZ|28/02/24|168267|694743
1060|MOVIL-VOZ|28/02/24|18702|68443
1022|MOVIL-VOZ|28/02/24|57401|239003
494|MOVIL-VOZ|28/02/24|835671|2849651
1011|FIJO-VOZ|28/02/24|74|170
1023|MOVIL-SMS|28/02/24|5769|29069
2|FIJO-VOL|28/02/24|8387211|28535783
1001|MOVIL-VOZ|28/02/24|2899995|10323755
1002|MOVIL-VOZ|28/02/24|1831|6080
1049|MOVIL-VOZ|29/02/24|88984|320991
1059|MOVIL-VOZ|29/02/24|173743|699444
1022|MOVIL-VOZ|29/02/24|58177|236261
494|MOVIL-VOZ|29/02/24|864441|2898182
2|FIJO-VOL|29/02/24|8625360|28792269
1011|FIJO-VOZ|29/02/24|132|456
1023|MOVIL-SMS|29/02/24|6545|30782
1060|MOVIL-VOZ|29/02/24|19242|66848
1001|MOVIL-VOZ|29/02/24|2992729|10446771
1002|MOVIL-VOZ|29/02/24|1903|6546
1059|MOVIL-VOZ|01/03/24|364508|1385942
1022|MOVIL-VOZ|01/03/24|123726|473960
1001|MOVIL-VOZ|01/03/24|6251753|20880075
494|MOVIL-VOZ|01/03/24|1810299|5829339
1011|FIJO-VOZ|01/03/24|156|549
1060|MOVIL-VOZ|01/03/24|39720|131564
1002|MOVIL-VOZ|01/03/24|4128|13880
1049|MOVIL-VOZ|01/03/24|188610|652744
1023|MOVIL-SMS|01/03/24|8558|39244
2|FIJO-VOL|01/03/24|17463725|55940677
1040|MOVIL-SMS|01/03/24|6|22
1049|MOVIL-VOZ|02/03/24|169382|554710
1023|MOVIL-SMS|02/03/24|4492|15848
1022|MOVIL-VOZ|02/03/24|98412|346746
1011|FIJO-VOZ|02/03/24|156|222
1002|MOVIL-VOZ|02/03/24|3826|12484
1001|MOVIL-VOZ|02/03/24|5405420|17002084
494|MOVIL-VOZ|02/03/24|1635314|4905552
1060|MOVIL-VOZ|02/03/24|33504|105220
2|FIJO-VOL|02/03/24|15536270|47524302
1059|MOVIL-VOZ|02/03/24|323754|1142232
1022|MOVIL-VOZ|03/03/24|63592|245348
1059|MOVIL-VOZ|03/03/24|223126|889198
1011|FIJO-VOZ|03/03/24|90|537
494|MOVIL-VOZ|03/03/24|1084734|3642942
1023|MOVIL-SMS|03/03/24|1058|3224
1049|MOVIL-VOZ|03/03/24|114128|429082
1060|MOVIL-VOZ|03/03/24|20984|76106
1001|MOVIL-VOZ|03/03/24|3585392|12684032
1002|MOVIL-VOZ|03/03/24|2548|7582
2|FIJO-VOL|03/03/24|10612408|37009748
1011|FIJO-VOZ|04/03/24|186|453
2|FIJO-VOL|04/03/24|17366482|58341242
1022|MOVIL-VOZ|04/03/24|116646|482318
494|MOVIL-VOZ|04/03/24|1767030|5930074
1049|MOVIL-VOZ|04/03/24|178628|652256
1060|MOVIL-VOZ|04/03/24|38200|134458
1002|MOVIL-VOZ|04/03/24|3920|13740
1001|MOVIL-VOZ|04/03/24|6051764|21254116
1023|MOVIL-SMS|04/03/24|7660|34614
1059|MOVIL-VOZ|04/03/24|350488|1412050
1049|MOVIL-VOZ|05/03/24|175548|646276
494|MOVIL-VOZ|05/03/24|1719985|5737446
2|FIJO-VOL|05/03/24|16832338|56239910
1023|MOVIL-SMS|05/03/24|7270|34042
1011|FIJO-VOZ|05/03/24|171|645
1060|MOVIL-VOZ|05/03/24|37346|129950
1002|MOVIL-VOZ|05/03/24|4022|14084
1059|MOVIL-VOZ|05/03/24|348756|1388292
1022|MOVIL-VOZ|05/03/24|118194|477924
1001|MOVIL-VOZ|05/03/24|5887544|20474876
1040|MOVIL-SMS|05/03/24|4|2
1023|MOVIL-SMS|06/03/24|6396|28914
1060|MOVIL-VOZ|06/03/24|37770|134486
1001|MOVIL-VOZ|06/03/24|5873256|20704742
1049|MOVIL-VOZ|06/03/24|174564|639416
1022|MOVIL-VOZ|06/03/24|114012|468418
2|FIJO-VOL|06/03/24|16892044|57031824
1011|FIJO-VOZ|06/03/24|156|312
1002|MOVIL-VOZ|06/03/24|3528|12498
494|MOVIL-VOZ|06/03/24|1702032|5737228
1059|MOVIL-VOZ|06/03/24|343618|1384784
1049|MOVIL-VOZ|07/03/24|177540|647902
494|MOVIL-VOZ|07/03/24|1727688|5758198
2|FIJO-VOL|07/03/24|17177792|57355964
1023|MOVIL-SMS|07/03/24|5874|26926
1059|MOVIL-VOZ|07/03/24|351150|1411214
1060|MOVIL-VOZ|07/03/24|38256|134802
1001|MOVIL-VOZ|07/03/24|5955642|20754672
1002|MOVIL-VOZ|07/03/24|3862|12860
1011|FIJO-VOZ|07/03/24|153|519
1022|MOVIL-VOZ|07/03/24|116426|466038
1023|MOVIL-SMS|08/03/24|5644|23518
1049|MOVIL-VOZ|08/03/24|193680|663850
1022|MOVIL-VOZ|08/03/24|123098|461940
1011|FIJO-VOZ|08/03/24|147|333
1002|MOVIL-VOZ|08/03/24|4112|13660
1001|MOVIL-VOZ|08/03/24|6261238|20418104
494|MOVIL-VOZ|08/03/24|1805258|5645686
2|FIJO-VOL|08/03/24|17894835|56637375
1060|MOVIL-VOZ|08/03/24|39362|128094
1059|MOVIL-VOZ|08/03/24|370340|1383148
1011|FIJO-VOZ|09/03/24|192|558
1059|MOVIL-VOZ|09/03/24|315878|1140384
1049|MOVIL-VOZ|09/03/24|163698|554614
1023|MOVIL-SMS|09/03/24|2394|7786
1022|MOVIL-VOZ|09/03/24|93834|337122
1001|MOVIL-VOZ|09/03/24|5192782|16760100
1060|MOVIL-VOZ|09/03/24|32280|106908
1002|MOVIL-VOZ|09/03/24|3730|12608
494|MOVIL-VOZ|09/03/24|1552508|4795196
2|FIJO-VOL|09/03/24|14888726|46554806
2|FIJO-VOL|10/03/24|10211437|36029637
1023|MOVIL-SMS|10/03/24|830|2312
1059|MOVIL-VOZ|10/03/24|213906|885598
1060|MOVIL-VOZ|10/03/24|20164|75228
494|MOVIL-VOZ|10/03/24|1046532|3584156
1001|MOVIL-VOZ|10/03/24|3429408|12440654
1002|MOVIL-VOZ|10/03/24|2408|9358
1011|FIJO-VOZ|10/03/24|102|432
1022|MOVIL-VOZ|10/03/24|59998|235220
1049|MOVIL-VOZ|10/03/24|108162|413366
1060|MOVIL-VOZ|11/03/24|37258|131386
1022|MOVIL-VOZ|11/03/24|111316|464572
1059|MOVIL-VOZ|11/03/24|343926|1401908
1040|MOVIL-SMS|11/03/24|2|8
1049|MOVIL-VOZ|11/03/24|172410|650154
1023|MOVIL-SMS|11/03/24|5222|26996
1001|MOVIL-VOZ|11/03/24|5849804|20868430
1002|MOVIL-VOZ|11/03/24|3922|13514
2|FIJO-VOL|11/03/24|17033580|57717142
1011|FIJO-VOZ|11/03/24|174|612
494|MOVIL-VOZ|11/03/24|1714080|5822314
1060|MOVIL-VOZ|12/03/24|37284|131370
1011|FIJO-VOZ|12/03/24|141|570
1022|MOVIL-VOZ|12/03/24|111614|464748
1023|MOVIL-SMS|12/03/24|6130|25774
2|FIJO-VOL|12/03/24|16516252|56062782
1059|MOVIL-VOZ|12/03/24|333652|1372558
494|MOVIL-VOZ|12/03/24|1640056|5612108
1001|MOVIL-VOZ|12/03/24|5755734|20544852
1002|MOVIL-VOZ|12/03/24|3652|12556
1049|MOVIL-VOZ|12/03/24|169142|638916
1023|MOVIL-SMS|13/03/24|5420|27434
1040|MOVIL-SMS|13/03/24|2|2
1049|MOVIL-VOZ|13/03/24|172320|631842
1059|MOVIL-VOZ|13/03/24|336252|1366128
1060|MOVIL-VOZ|13/03/24|37610|129820
1022|MOVIL-VOZ|13/03/24|114070|474880
1001|MOVIL-VOZ|13/03/24|5860568|20905240
2|FIJO-VOL|13/03/24|16849232|57226966
1002|MOVIL-VOZ|13/03/24|3746|12746
1011|FIJO-VOZ|13/03/24|174|660
494|MOVIL-VOZ|13/03/24|1708928|5828216
1023|MOVIL-SMS|14/03/24|5426|25518
1049|MOVIL-VOZ|14/03/24|173356|643296
1059|MOVIL-VOZ|14/03/24|337676|1367864
1060|MOVIL-VOZ|14/03/24|36718|131050
1022|MOVIL-VOZ|14/03/24|114078|470592
2|FIJO-VOL|14/03/24|16822337|56815854
1001|MOVIL-VOZ|14/03/24|5860635|20745568
1002|MOVIL-VOZ|14/03/24|3768|12972
1011|FIJO-VOZ|14/03/24|144|336
494|MOVIL-VOZ|14/03/24|1693086|5756972
1060|MOVIL-VOZ|15/03/24|39043|134121
1023|MOVIL-SMS|15/03/24|5256|25108
1049|MOVIL-VOZ|15/03/24|184992|646859
1059|MOVIL-VOZ|15/03/24|357560|1362524
1022|MOVIL-VOZ|15/03/24|119085|459324
1002|MOVIL-VOZ|15/03/24|3942|13016
2|FIJO-VOL|15/03/24|17546429|56508899
1001|MOVIL-VOZ|15/03/24|6112558|20559862
1011|FIJO-VOZ|15/03/24|138|372
494|MOVIL-VOZ|15/03/24|1771696|5770241
1011|FIJO-VOZ|16/03/24|156|666
1023|MOVIL-SMS|16/03/24|2692|8406
1049|MOVIL-VOZ|16/03/24|169152|553819
1059|MOVIL-VOZ|16/03/24|322363|1146007
1022|MOVIL-VOZ|16/03/24|97309|344383
494|MOVIL-VOZ|16/03/24|1634855|4959837
1001|MOVIL-VOZ|16/03/24|5394360|16998888
2|FIJO-VOL|16/03/24|15519427|47746257
1002|MOVIL-VOZ|16/03/24|3686|11136
1060|MOVIL-VOZ|16/03/24|32880|105125
1060|MOVIL-VOZ|17/03/24|20036|70122
1011|FIJO-VOZ|17/03/24|90|231
1022|MOVIL-VOZ|17/03/24|59149|230088
1049|MOVIL-VOZ|17/03/24|106842|387847
1023|MOVIL-SMS|17/03/24|1890|3434
494|MOVIL-VOZ|17/03/24|1028066|3380823
1002|MOVIL-VOZ|17/03/24|2497|8329
2|FIJO-VOL|17/03/24|10059427|34445109
1001|MOVIL-VOZ|17/03/24|3374053|11707196
1059|MOVIL-VOZ|17/03/24|210455|821679
1022|MOVIL-VOZ|18/03/24|112688|460659
1023|MOVIL-SMS|18/03/24|5644|27742
1059|MOVIL-VOZ|18/03/24|348239|1403737
1049|MOVIL-VOZ|18/03/24|175953|649832
1011|FIJO-VOZ|18/03/24|165|327
494|MOVIL-VOZ|18/03/24|1737598|5882576
1001|MOVIL-VOZ|18/03/24|5928221|20823451
1002|MOVIL-VOZ|18/03/24|3578|12322
2|FIJO-VOL|18/03/24|17181884|57208125
1060|MOVIL-VOZ|18/03/24|36759|132348
1060|MOVIL-VOZ|19/03/24|27874|92381
1002|MOVIL-VOZ|19/03/24|2694|8981
1011|FIJO-VOZ|19/03/24|89|368
1022|MOVIL-VOZ|19/03/24|84031|329706
2|FIJO-VOL|19/03/24|12727534|40909946
1059|MOVIL-VOZ|19/03/24|253567|979799
1049|MOVIL-VOZ|19/03/24|129519|461124
494|MOVIL-VOZ|19/03/24|1273952|4108497
1001|MOVIL-VOZ|19/03/24|4406096|14776481
1023|MOVIL-SMS|19/03/24|4247|20272
1060|MOVIL-VOZ|20/03/24|18667|65026
1002|MOVIL-VOZ|20/03/24|1772|5863
1011|FIJO-VOZ|20/03/24|35|95
1022|MOVIL-VOZ|20/03/24|57601|236322
1059|MOVIL-VOZ|20/03/24|173069|699907
1001|MOVIL-VOZ|20/03/24|2960782|10394417
1040|MOVIL-SMS|20/03/24|1|1
1049|MOVIL-VOZ|20/03/24|88595|328767
494|MOVIL-VOZ|20/03/24|856674|2895740
2|FIJO-VOL|20/03/24|8542929|28542710
1023|MOVIL-SMS|20/03/24|2597|12731
1059|MOVIL-VOZ|21/03/24|173541|687782
1060|MOVIL-VOZ|21/03/24|18682|65913
1002|MOVIL-VOZ|21/03/24|1895|6709
1022|MOVIL-VOZ|21/03/24|58080|232264
1023|MOVIL-SMS|21/03/24|2583|12610
1049|MOVIL-VOZ|21/03/24|89406|326939
1001|MOVIL-VOZ|21/03/24|2962239|10338020
2|FIJO-VOL|21/03/24|8664419|28664552
494|MOVIL-VOZ|21/03/24|879280|2922000
1011|FIJO-VOZ|21/03/24|54|199
1059|MOVIL-VOZ|22/03/24|181116|685473
1011|FIJO-VOZ|22/03/24|42|145
1023|MOVIL-SMS|22/03/24|2378|11057
1049|MOVIL-VOZ|22/03/24|95173|323327
1022|MOVIL-VOZ|22/03/24|61488|228290
494|MOVIL-VOZ|22/03/24|909980|2864252
1001|MOVIL-VOZ|22/03/24|3115392|10219027
2|FIJO-VOL|22/03/24|8871598|28013419
1002|MOVIL-VOZ|22/03/24|2085|6497
1060|MOVIL-VOZ|22/03/24|19926|66056
1060|MOVIL-VOZ|23/03/24|16913|51277
1002|MOVIL-VOZ|23/03/24|1837|5870
1011|FIJO-VOZ|23/03/24|38|72
1023|MOVIL-SMS|23/03/24|952|2692
1022|MOVIL-VOZ|23/03/24|48501|168591
1059|MOVIL-VOZ|23/03/24|161236|570689
494|MOVIL-VOZ|23/03/24|825850|2480870
1001|MOVIL-VOZ|23/03/24|2716865|8530803
2|FIJO-VOL|23/03/24|7880984|23851425
1049|MOVIL-VOZ|23/03/24|83606|273357
1059|MOVIL-VOZ|24/03/24|110465|421053
1022|MOVIL-VOZ|24/03/24|30777|112190
1023|MOVIL-SMS|24/03/24|389|985
1049|MOVIL-VOZ|24/03/24|55317|195969
1011|FIJO-VOZ|24/03/24|41|100
494|MOVIL-VOZ|24/03/24|550998|1768726
1001|MOVIL-VOZ|24/03/24|1786132|6012726
2|FIJO-VOL|24/03/24|5318808|17264053
1002|MOVIL-VOZ|24/03/24|1265|4216
1060|MOVIL-VOZ|24/03/24|10438|37035
1002|MOVIL-VOZ|25/03/24|1286|4722
1022|MOVIL-VOZ|25/03/24|28670|116872
1023|MOVIL-SMS|25/03/24|499|1706
1049|MOVIL-VOZ|25/03/24|52893|210863
1011|FIJO-VOZ|25/03/24|32|61
1060|MOVIL-VOZ|25/03/24|10238|38308
1001|MOVIL-VOZ|25/03/24|1714741|6349679
494|MOVIL-VOZ|25/03/24|523420|1852239
2|FIJO-VOL|25/03/24|5211036|18364089
1059|MOVIL-VOZ|25/03/24|104444|443418
1059|MOVIL-VOZ|26/03/24|160882|612940
1060|MOVIL-VOZ|26/03/24|17479|59018
1022|MOVIL-VOZ|26/03/24|51029|196628
1023|MOVIL-SMS|26/03/24|2602|12710
1011|FIJO-VOZ|26/03/24|59|103
1001|MOVIL-VOZ|26/03/24|2758057|9251699
494|MOVIL-VOZ|26/03/24|819151|2652683
2|FIJO-VOL|26/03/24|8073977|25429911
1002|MOVIL-VOZ|26/03/24|1789|6119
1049|MOVIL-VOZ|26/03/24|82624|294002
1059|MOVIL-VOZ|27/03/24|164837|601053
1002|MOVIL-VOZ|27/03/24|1981|6592
1022|MOVIL-VOZ|27/03/24|52200|192275
1049|MOVIL-VOZ|27/03/24|86652|295584
1023|MOVIL-SMS|27/03/24|2063|8340
1001|MOVIL-VOZ|27/03/24|2849098|9180473
494|MOVIL-VOZ|27/03/24|847453|2635234
2|FIJO-VOL|27/03/24|8191415|24744979
1011|FIJO-VOZ|27/03/24|44|105
1060|MOVIL-VOZ|27/03/24|18121|59079
1059|MOVIL-VOZ|28/03/24|103039|394231
1060|MOVIL-VOZ|28/03/24|10342|35446
1002|MOVIL-VOZ|28/03/24|1241|4402
1011|FIJO-VOZ|28/03/24|34|86
1001|MOVIL-VOZ|28/03/24|1757548|5989087
1023|MOVIL-SMS|28/03/24|506|1698
1049|MOVIL-VOZ|28/03/24|55024|199987
494|MOVIL-VOZ|28/03/24|530323|1753577
2|FIJO-VOL|28/03/24|5082638|16750587
1022|MOVIL-VOZ|28/03/24|28579|104458
1059|MOVIL-VOZ|29/03/24|82911|337007
1060|MOVIL-VOZ|29/03/24|8259|29921
1011|FIJO-VOZ|29/03/24|21|54
1023|MOVIL-SMS|29/03/24|171|488
1022|MOVIL-VOZ|29/03/24|22735|91575
1001|MOVIL-VOZ|29/03/24|1394090|5062726
2|FIJO-VOL|29/03/24|4001894|14183092
494|MOVIL-VOZ|29/03/24|410192|1454454
1002|MOVIL-VOZ|29/03/24|1070|3706
1049|MOVIL-VOZ|29/03/24|44392|170075
1059|MOVIL-VOZ|30/03/24|117989|421729
1060|MOVIL-VOZ|30/03/24|12315|40708
1049|MOVIL-VOZ|30/03/24|61918|209760
494|MOVIL-VOZ|30/03/24|603543|1874583
1023|MOVIL-SMS|30/03/24|610|1708
2|FIJO-VOL|30/03/24|5851303|17936790
1002|MOVIL-VOZ|30/03/24|1529|4620
1011|FIJO-VOZ|30/03/24|25|121
1022|MOVIL-VOZ|30/03/24|32393|116513
1001|MOVIL-VOZ|30/03/24|1998880|6374115
1059|MOVIL-VOZ|31/03/24|98541|403712
1011|FIJO-VOZ|31/03/24|29|59
1023|MOVIL-SMS|31/03/24|299|696
1049|MOVIL-VOZ|31/03/24|50643|198938
1022|MOVIL-VOZ|31/03/24|26900|112986
494|MOVIL-VOZ|31/03/24|484568|1687193
1001|MOVIL-VOZ|31/03/24|1581990|5847552
2|FIJO-VOL|31/03/24|4795342|16908717
1002|MOVIL-VOZ|31/03/24|1146|4435
1060|MOVIL-VOZ|31/03/24|9272|35090
1011|FIJO-VOZ|01/04/24|42|165
1022|MOVIL-VOZ|01/04/24|54720|230950
1023|MOVIL-SMS|01/04/24|2693|14489
1059|MOVIL-VOZ|01/04/24|168276|685968
1002|MOVIL-VOZ|01/04/24|1877|6625
1049|MOVIL-VOZ|01/04/24|87025|323753
1060|MOVIL-VOZ|01/04/24|18579|67171
494|MOVIL-VOZ|01/04/24|846036|2846062
1001|MOVIL-VOZ|01/04/24|2904214|10254789
2|FIJO-VOL|01/04/24|8415390|28054317
1011|FIJO-VOZ|02/04/24|40|134
1060|MOVIL-VOZ|02/04/24|18408|66346
494|MOVIL-VOZ|02/04/24|847402|2848653
1022|MOVIL-VOZ|02/04/24|54999|227282
1002|MOVIL-VOZ|02/04/24|1832|6436
1049|MOVIL-VOZ|02/04/24|87549|325222
1059|MOVIL-VOZ|02/04/24|166891|677082
2|FIJO-VOL|02/04/24|8364315|28242760
1001|MOVIL-VOZ|02/04/24|2918928|10346410
1023|MOVIL-SMS|02/04/24|2913|14015
1011|FIJO-VOZ|03/04/24|56|176
1049|MOVIL-VOZ|03/04/24|89334|331859
1059|MOVIL-VOZ|03/04/24|170103|687199
1060|MOVIL-VOZ|03/04/24|19188|67653
1002|MOVIL-VOZ|03/04/24|1912|6459
1023|MOVIL-SMS|03/04/24|2553|12890
2|FIJO-VOL|03/04/24|8582194|28778502
494|MOVIL-VOZ|03/04/24|867047|2916108
1001|MOVIL-VOZ|03/04/24|2983412|10504258
1022|MOVIL-VOZ|03/04/24|57657|235896
1011|FIJO-VOZ|04/04/24|34|132
1022|MOVIL-VOZ|04/04/24|55714|230773
1060|MOVIL-VOZ|04/04/24|18339|64730
1023|MOVIL-SMS|04/04/24|2539|12286
1002|MOVIL-VOZ|04/04/24|1932|6540
1059|MOVIL-VOZ|04/04/24|166390|677082
2|FIJO-VOL|04/04/24|8282694|27918522
494|MOVIL-VOZ|04/04/24|843139|2849486
1001|MOVIL-VOZ|04/04/24|2900349|10286912
1049|MOVIL-VOZ|04/04/24|87454|327656
1011|FIJO-VOZ|05/04/24|49|207
1049|MOVIL-VOZ|05/04/24|93374|330147
1002|MOVIL-VOZ|05/04/24|2001|6764
1022|MOVIL-VOZ|05/04/24|60361|233536
1001|MOVIL-VOZ|05/04/24|3072248|10332336
1059|MOVIL-VOZ|05/04/24|177504|678919
1060|MOVIL-VOZ|05/04/24|19317|64420
2|FIJO-VOL|05/04/24|8758612|27965644
494|MOVIL-VOZ|05/04/24|898864|2915595
1023|MOVIL-SMS|05/04/24|181|559
1011|FIJO-VOZ|06/04/24|46|164
1022|MOVIL-VOZ|06/04/24|46689|163268
1023|MOVIL-SMS|06/04/24|68|225
1059|MOVIL-VOZ|06/04/24|152313|551924
1002|MOVIL-VOZ|06/04/24|1758|5361
1001|MOVIL-VOZ|06/04/24|2569441|8232296
1049|MOVIL-VOZ|06/04/24|80557|269487
2|FIJO-VOL|06/04/24|7414651|22976895
494|MOVIL-VOZ|06/04/24|785056|2403811
1060|MOVIL-VOZ|06/04/24|15965|51067
1011|FIJO-VOZ|07/04/24|33|111
1023|MOVIL-SMS|07/04/24|12|32
2|FIJO-VOL|07/04/24|5078488|17823309
494|MOVIL-VOZ|07/04/24|524393|1786552
1002|MOVIL-VOZ|07/04/24|1318|4866
1022|MOVIL-VOZ|07/04/24|29892|119794
1049|MOVIL-VOZ|07/04/24|53110|203441
1059|MOVIL-VOZ|07/04/24|106055|431069
1060|MOVIL-VOZ|07/04/24|10089|37774
1001|MOVIL-VOZ|07/04/24|1695152|6197713
1002|MOVIL-VOZ|08/04/24|1903|7122
1011|FIJO-VOZ|08/04/24|62|187
1022|MOVIL-VOZ|08/04/24|54071|221283
1023|MOVIL-SMS|08/04/24|183|622
1059|MOVIL-VOZ|08/04/24|161734|660913
494|MOVIL-VOZ|08/04/24|836169|2834127
1049|MOVIL-VOZ|08/04/24|84536|315207
1060|MOVIL-VOZ|08/04/24|17926|62015
2|FIJO-VOL|08/04/24|8300689|27877660
1001|MOVIL-VOZ|08/04/24|2853803|10166833
1060|MOVIL-VOZ|09/04/24|18205|63735
1023|MOVIL-SMS|09/04/24|142|462
1022|MOVIL-VOZ|09/04/24|55158|228648
1059|MOVIL-VOZ|09/04/24|164639|671570
2|FIJO-VOL|09/04/24|8269529|27710154
1011|FIJO-VOZ|09/04/24|60|140
1002|MOVIL-VOZ|09/04/24|1895|6572
1001|MOVIL-VOZ|09/04/24|2863445|10117519
494|MOVIL-VOZ|09/04/24|845010|2851825
1049|MOVIL-VOZ|09/04/24|85090|317891
494|MOVIL-VOZ|10/04/24|707328|2202249
2|FIJO-VOL|10/04/24|7136284|21790817
1060|MOVIL-VOZ|10/04/24|15500|49389
1022|MOVIL-VOZ|10/04/24|47574|176281
1011|FIJO-VOZ|10/04/24|57|106
1059|MOVIL-VOZ|10/04/24|139396|514769
1049|MOVIL-VOZ|10/04/24|71101|242566
1040|MOVIL-SMS|10/04/24|1|1
1023|MOVIL-SMS|10/04/24|107|391
1001|MOVIL-VOZ|10/04/24|2444244|7921948
1002|MOVIL-VOZ|10/04/24|1513|4873
